"","gene_id","V1","V2","V3","V4","V5","V7","raw_count","norm_count","H7_GSE46120_36","H7_GSE46120_37"
"1","aceE;","chr","Sakai_control","blocks",128149,128177,"+",1,1.80410325243734,1,NA
"2","aceK;","chr","Sakai_control","blocks",5027274,5027323,"+",2,3.60820650487469,1,NA
"3","acpP;","chr","Sakai_control","blocks",1510719,1510738,"+",1,1.80410325243734,1,NA
"4","ampC;","chr","Sakai_control","blocks",5233087,5233136,"-",872,1573.17803612536,1,NA
"5","ansA;","chr","Sakai_control","blocks",2451830,2451846,"-",2,3.60820650487469,1,NA
"6","aphA;","chr","Sakai_control","blocks",5122746,5122765,"+",1,1.80410325243734,1,NA
"7","araJ;","chr","Sakai_control","blocks",474419,474445,"-",1,1.80410325243734,1,NA
"8","arcZ;","chr",NA,"blocks",4092941,4092974,"+",2,2.15730880041765,NA,1
"9","artP;","chr","Sakai_control","blocks",1031880,1031918,"-",1,1.80410325243734,1,NA
"10","asnB;","chr","Sakai_control","blocks",777833,777851,"-",272,490.716084662957,1,NA
"11","aspS;","chr","Sakai_control","blocks",2550750,2550799,"-",1,1.80410325243734,1,NA
"12","bssS,INT_0_1113;","chr","Sakai_control","blocks",1480083,1480110,"-",2,3.60820650487469,1,NA
"13","Candidate_111_NC_002695;","chr","Sakai_control","blocks",3843312,3843345,"-",1,1.80410325243734,1,NA
"14","Candidate_199_NC_002695;","chr","Sakai_control","blocks",1918641,1918665,"+",2,3.60820650487469,1,NA
"15","Candidate_252_NC_002695;","chr","Sakai_control","blocks",2771857,2771906,"-",761,1372.92257510482,1,NA
"16","Candidate_321_NC_002695,INT_0_3227,rrnD;","chr","Sakai_control","blocks",4158419,4158469,"-",1,1.80410325243734,1,NA
"17","clpA;","chr","Sakai_control","blocks",1054795,1056551,"+",713,1286.32561898783,1,NA
"18","cls;","chr","Sakai_control","blocks",1750536,1750585,"-",4,7.21641300974937,1,NA
"19","cpdB;","chr","Sakai_control","blocks",5291533,5291559,"-",1,1.80410325243734,1,NA
"20","cpxP,INT_0_3800;","chr","Sakai_control","blocks",4906279,4906328,"+",937,1690.44474753379,1,NA
"21","cpxP;","chr","Sakai_control","blocks",4905833,4906227,"+",2852,5145.3024759513,1,NA
"22","cspE;","chr","Sakai_control","blocks",738770,738819,"+",2,3.60820650487469,1,NA
"23","cyaA;","chr","Sakai_control","blocks",4785410,4785433,"+",1,1.80410325243734,1,NA
"24","cyaR;","chr",NA,"blocks",2842592,2842613,"+",1,1.07865440020883,NA,1
"25","dipZ,ECs5118;","chr","Sakai_control","blocks",5219430,5219479,"+",1,1.80410325243734,1,NA
"26","ECs0026;","chr",NA,"blocks",25333,25500,"-",9273,10002.3622531365,NA,1
"27","ECs0029;","chr",NA,"blocks",26783,26806,"+",1,1.07865440020883,NA,1
"28","ECs0035;","chr",NA,"blocks",34995,35011,"+",1,1.07865440020883,NA,1
"29","ECs0050;","chr",NA,"blocks",53557,53575,"+",1,1.07865440020883,NA,1
"30","ECs0098;","chr",NA,"blocks",108605,108674,"+",2812,3033.17617338722,NA,1
"31","ECs0100;","chr",NA,"blocks",111558,111582,"+",3,3.23596320062648,NA,1
"32","ECs0102;","chr",NA,"blocks",113944,113967,"+",727,784.181748951818,NA,1
"33","ECs0120;","chr",NA,"blocks",133360,133390,"+",1,1.07865440020883,NA,1
"34","ECs0123;","chr",NA,"blocks",138825,138846,"+",1,1.07865440020883,NA,1
"35","ECs0129;","chr","Sakai_control","blocks",145824,145873,"+",788,1421.63336292063,1,NA
"36","ECs0136;","chr","Sakai_control","blocks",152044,152094,"+",1913,3451.24952191264,1,NA
"37","ECs0140;","chr",NA,"blocks",155653,155669,"+",1,1.07865440020883,NA,1
"38","ECs0149;","chr",NA,"blocks",164902,164962,"-",1,1.07865440020883,NA,1
"39","ECs0154;","chr","Sakai_control","blocks",172808,172829,"+",455,820.866979858991,1,NA
"40","ECs0159;","chr",NA,"blocks",180345,180361,"-",3,3.23596320062648,NA,1
"41","ECs0160;","chr","Sakai_control","blocks",180868,180917,"+",534,963.391136801541,1,NA
"42","ECs0163;","chr","Sakai_control","blocks",182696,182729,"-",1,1.80410325243734,1,NA
"43","ECs0168;","chr",NA,"blocks",189128,189176,"-",4309,4647.92181049984,NA,1
"44","ECs0169;","chr","Sakai_control","blocks",192041,192068,"-",417,752.311056266372,1,NA
"45","ECs0171;","chr",NA,"blocks",193465,193492,"+",419,451.956193687499,NA,1
"46","ECs0172;","chr",NA,"blocks",195115,195134,"+",1,1.07865440020883,NA,1
"47","ECs0173;","chr",NA,"blocks",195324,195935,"+",280,302.023232058472,NA,1
"48","ECs0178;","chr","Sakai_control","blocks",201103,201153,"+",1621,2924.45137220093,1,NA
"49","ECs0179;","chr","Sakai_control","blocks",203153,203358,"+",435,784.42219038413,1,1
"50","ECs0182;","chr",NA,"blocks",205462,205828,"+",4209,4540.05637047895,NA,1
"51","ECs0199;","chr",NA,"blocks",223525,223547,"-",1,1.07865440020883,NA,1
"52","ECs0202;","chr","Sakai_control","blocks",226718,226734,"-",326,588.137660294574,1,NA
"53","ECs0241;","chr","Sakai_control","blocks",273620,273645,"-",134,241.749835826604,1,NA
"54","ECs0247;","chr","Sakai_control","blocks",278693,278742,"+",2297,4144.02517084858,1,NA
"55","ECs0289;","chr","Sakai_control","blocks",311026,311075,"+",374,674.734616411566,1,NA
"56","ECs0303;","chr",NA,"blocks",320539,320555,"+",346,373.214422472254,NA,1
"57","ECs0337;","chr","Sakai_control","blocks",358664,358713,"-",1327,2394.04501598435,1,NA
"58","ECs0387;","chr",NA,"blocks",408268,408284,"-",1,1.07865440020883,NA,1
"59","ECs0409;","chr",NA,"blocks",435085,435109,"+",258,278.292835253877,NA,1
"60","ECs0427;","chr","Sakai_control","blocks",456548,456573,"+",1,1.80410325243734,1,NA
"61","ECs0469;","chr",NA,"blocks",499707,499742,"+",8,8.62923520167062,NA,1
"62","ECs0484;","chr",NA,"blocks",514291,514360,"-",25,26.9663600052207,NA,1
"63","ECs0490;","chr",NA,"blocks",521819,521844,"+",1005,1084.04767220987,NA,1
"64","ECs0491;","chr",NA,"blocks",523180,523209,"+",1,1.07865440020883,NA,1
"65","ECs0494;","chr","Sakai_control","blocks",527584,527708,"+",247,445.613503352024,1,NA
"66","ECs0504;","chr","Sakai_control","blocks",538729,538778,"+",7,12.6287227670614,1,NA
"67","ECs0505;","chr","Sakai_control","blocks",540210,540309,"+",458,826.279289616303,1,NA
"68","ECs0515;","chr","Sakai_control","blocks",547762,547779,"-",374,674.734616411566,1,NA
"69","ECs0516;","chr",NA,"blocks",551646,551714,"-",2616,2821.75991094629,NA,1
"70","ECs0538,INT_0_436,ECs0539;","chr","Sakai_control","blocks",578259,578308,"+",2178,3929.33688380853,1,NA
"71","ECs0543;","chr","Sakai_control","blocks",603355,603374,"+",125,225.512906554668,1,NA
"72","ECs0576;","chr",NA,"blocks",635006,635023,"+",1,1.07865440020883,NA,1
"73","ECs0600;","chr","Sakai_control","blocks",661960,661976,"+",1,1.80410325243734,1,NA
"74","ECs0602;","chr","Sakai_control","blocks",664744,664769,"+",128,230.92521631198,1,NA
"75","ECs0614;","chr",NA,"blocks",685188,685206,"+",1,1.07865440020883,NA,1
"76","ECs0616;","chr","Sakai_control","blocks",687305,687355,"+",1246,2247.91265253693,1,NA
"77","ECs0623;","chr","Sakai_control","blocks",692164,692213,"-",900,1623.69292719361,1,NA
"78","ECs0638;","chr","Sakai_control","blocks",713912,713929,"-",1,1.80410325243734,1,NA
"79","ECs0651;","chr","Sakai_control","blocks",727856,727872,"+",3,5.41230975731203,1,NA
"80","ECs0689;","chr","Sakai_control","blocks",764731,764751,"+",1,1.80410325243734,1,NA
"81","ECs0693;","chr",NA,"blocks",768007,768024,"-",5,5.39327200104414,NA,1
"82","ECs0699;","chr","Sakai_control","blocks",774848,774897,"-",699,1261.0681734537,1,NA
"83","ECs0723;","chr",NA,"blocks",800489,800508,"-",1,1.07865440020883,NA,1
"84","ECs0728;","chr","Sakai_control","blocks",807619,807668,"+",1,1.80410325243734,1,NA
"85","ECs0731;","chr","Sakai_control","blocks",815330,815355,"-",163,294.068830147287,1,NA
"86","ECs0737;","chr","Sakai_control","blocks",821601,821619,"-",457,824.475186363866,1,NA
"87","ECs0746;","chr",NA,"blocks",832106,832134,"+",1,1.07865440020883,NA,1
"88","ECs0751;","chr",NA,"blocks",835543,835561,"+",1,1.07865440020883,NA,1
"89","ECs0752;","chr",NA,"blocks",838517,838541,"+",276,297.708614457636,NA,1
"90","ECs0774;","chr",NA,"blocks",861999,862015,"-",2,2.15730880041765,NA,1
"91","ECs0783;","chr","Sakai_control","blocks",870973,871331,"-",2675,4215.87371554571,1,1
"92","ECs0842;","chr",NA,"blocks",920753,920772,"+",2,2.15730880041765,NA,1
"93","ECs0851;","chr","Sakai_control","blocks",929815,929830,"-",708,1277.30510272564,1,NA
"94","ECs0857;","chr","Sakai_control","blocks",936943,936992,"+",393,709.012578207876,1,NA
"95","ECs0863;","chr",NA,"blocks",941918,941940,"+",6,6.47192640125296,NA,1
"96","ECs0870;","chr","Sakai_control","blocks",947570,947622,"-",341,615.199209081134,1,NA
"97","ECs0872;","chr","Sakai_control","blocks",950240,950259,"-",4,7.21641300974937,1,NA
"98","ECs0874;","chr","Sakai_control","blocks",952881,952930,"-",533,961.587033549104,1,NA
"99","ECs0890;","chr","Sakai_control","blocks",973036,973065,"-",1,1.80410325243734,1,NA
"100","ECs0910;","chr","Sakai_control","blocks",995633,995682,"+",195,351.800134225282,1,NA
"101","ECs0945;","chr","Sakai_control","blocks",1030492,1030512,"-",1,1.80410325243734,1,NA
"102","ECs0946;","chr","Sakai_control","blocks",1030883,1030908,"-",1,1.80410325243734,1,NA
"103","ECs0948;","chr","Sakai_control","blocks",1032697,1032746,"+",1008,1818.53607845684,1,NA
"104","ECs0954,INT_0_754;","chr","Sakai_control","blocks",1037893,1037915,"-",1,1.80410325243734,1,NA
"105","ECs0963;","chr","Sakai_control","blocks",1049232,1049281,"-",282,508.757117187331,1,NA
"106","ECs0974;","chr","Sakai_control","blocks",1064056,1064105,"+",392,707.208474955439,1,NA
"107","ECs0975;","chr",NA,"blocks",1064246,1064306,"+",1200,1294.38528025059,NA,1
"108","ECs0977;","chr","Sakai_control","blocks",1069632,1069681,"+",834,1504.62211253274,1,NA
"109","ECs0982;","chr","Sakai_control","blocks",1076418,1076467,"-",856,1544.31238408637,1,NA
"110","ECs0986;","chr","Sakai_control","blocks",1082325,1082374,"-",2482,2699.70913573739,1,1
"111","ECs0987;","chr","Sakai_control","blocks",1083387,1083424,"-",1,1.80410325243734,1,NA
"112","ECs0988;","chr",NA,"blocks",1086261,1086288,"-",3,3.23596320062648,NA,1
"113","ECs0990;","chr","Sakai_control","blocks",1087608,1087631,"+",1,1.80410325243734,1,NA
"114","ECs0991;","chr",NA,"blocks",1089378,1089398,"+",13,14.0225072027148,NA,1
"115","ECs0994;","chr",NA,"blocks",1092052,1093316,"+",6469,6977.8153149509,NA,1
"116","ECs0995;","chr",NA,"blocks",1093454,1093476,"+",881,950.294526583977,NA,1
"117","ECs1011;","chr","Sakai_control","blocks",1114471,1114510,"-",1,1.80410325243734,1,NA
"118","ECs1015;","chr","Sakai_control","blocks",1120792,1120808,"+",763,1376.53078160969,1,NA
"119","ECs1030;","chr","Sakai_control","blocks",1135442,1135468,"+",1,1.80410325243734,1,NA
"120","ECs1038;","chr",NA,"blocks",1145477,1145494,"-",1,1.07865440020883,NA,1
"121","ECs1041,INT_0_824;","chr","Sakai_control","blocks",1149502,1149550,"-",2,3.60820650487469,1,NA
"122","ECs1041;","chr","Sakai_control","blocks",1149171,1149187,"-",1403.5,1514.2541751192,1,1
"123","ECs1046;","chr",NA,"blocks",1154270,1154295,"+",1,1.07865440020883,NA,1
"124","ECs1050;","chr",NA,"blocks",1158193,1158208,"-",116,125.123910424224,NA,1
"125","ECs1067;","chr","Sakai_control","blocks",1167509,1167559,"-",732.5,1321.14290798424,1,1
"126","ECs1091;","chr","Sakai_control","blocks",1183580,1183612,"-",77,138.915950437675,1,NA
"127","ECs1130,ECs1131;","chr","Sakai_control","blocks",1214861,1214895,"+",1,1.80410325243734,1,NA
"128","ECs1137;","chr","Sakai_control","blocks",1221433,1221482,"-",1,1.80410325243734,1,NA
"129","ECs1155;","chr","Sakai_control","blocks",1241832,1241881,"-",1,1.80410325243734,1,NA
"130","ECs1160;","chr",NA,"blocks",1246595,1246617,"-",2,2.15730880041765,NA,1
"131","ECs1180;","chr","Sakai_control","blocks",1254623,1254672,"-",682,1230.39841816227,1,NA
"132","ECs1204;","chr","Sakai_control","blocks",1266445,1266460,"+",63,113.658504903553,1,NA
"133","ECs1207;","chr","Sakai_control","blocks",1269374,1269421,"+",13,23.4533422816855,1,NA
"134","ECs1217;","chr","Sakai_control","blocks",1275121,1275171,"-",740,1335.03640680363,1,NA
"135","ECs1231,INT_0_946;","chr","Sakai_control","blocks",1287414,1287463,"-",1588,2864.9159648705,1,NA
"136","ECs1242;","chr","Sakai_control","blocks",1301423,1301472,"-",413,745.094643256623,1,NA
"137","ECs1244;","chr","Sakai_control","blocks",1304877,1304926,"-",1820,2414.3801944662,1,1
"138","ECs1256;","chr","Sakai_control","blocks",1312706,1312724,"-",735,1326.01589054145,1,NA
"139","ECs1258;","chr","Sakai_control","blocks",1314564,1314613,"-",988,1782.4540134081,1,NA
"140","ECs1261;","chr","Sakai_control","blocks",1320373,1320806,"+",796,1436.06618894013,1,NA
"141","ECs1270;","chr",NA,"blocks",1333454,1333475,"-",1,1.07865440020883,NA,1
"142","ECs1278;","chr",NA,"blocks",1344659,1344676,"-",1,1.07865440020883,NA,1
"143","ECs1399,INT_0_1078;","chr","Sakai_control","blocks",1451442,1451491,"+",343,618.807415586009,1,NA
"144","ECs1439;","chr","Sakai_control","blocks",1480448,1480477,"-",1,1.80410325243734,1,NA
"145","ECs1442;","chr","Sakai_control","blocks",1482838,1482858,"-",1,1.80410325243734,1,NA
"146","ECs1454;","chr",NA,"blocks",1491841,1491879,"+",21,22.6517424043854,NA,1
"147","ECs1468;","chr",NA,"blocks",1506739,1506782,"+",25,26.9663600052207,NA,1
"148","ECs1472;","chr",NA,"blocks",1510793,1510867,"+",6,6.47192640125296,NA,1
"149","ECs1475;","chr","Sakai_control","blocks",1514010,1514039,"+",1,1.80410325243734,1,NA
"150","ECs1479;","chr","Sakai_control","blocks",1517569,1517589,"+",1,1.80410325243734,1,NA
"151","ECs1485;","chr","Sakai_control","blocks",1524202,1524226,"+",1,1.80410325243734,1,NA
"152","ECs1487;","chr","Sakai_control","blocks",1525528,1525572,"+",1,1.80410325243734,1,NA
"153","ECs1488,INT_0_1158;","chr","Sakai_control","blocks",1527259,1527308,"+",37,66.7518203401817,1,NA
"154","ECs1496;","chr",NA,"blocks",1537275,1537295,"+",5,5.39327200104414,NA,1
"155","ECs1498;","chr","Sakai_control","blocks",1539146,1539195,"+",1612,2908.214442929,1,NA
"156","ECs1508;","chr","Sakai_control","blocks",1545867,1545885,"+",201,362.624753739906,1,NA
"157","ECs1525;","chr","Sakai_control","blocks",1554974,1554991,"+",4,7.21641300974937,1,NA
"158","ECs1544;","chr","Sakai_control","blocks",1567103,1567120,"-",1,1.80410325243734,1,NA
"159","ECs1561;","chr","Sakai_control","blocks",1583523,1584191,"+",2668,4813.34747750283,1,NA
"160","ECs1606;","chr",NA,"blocks",1615881,1615913,"-",1,1.07865440020883,NA,1
"161","ECs1608;","chr","Sakai_control","blocks",1617544,1617620,"+",3,4.32413647896926,1,1
"162","ECs1625;","chr","Sakai_control","blocks",1628080,1628129,"-",715,1289.9338254927,1,NA
"163","ECs1656;","chr","Sakai_control","blocks",1656188,1656237,"-",353,636.848448110382,1,NA
"164","ECs1663;","chr","Sakai_control","blocks",1661296,1661845,"-",61,110.050298398678,1,NA
"165","ECs1672;","chr","Sakai_control","blocks",1668761,1668778,"-",1,1.80410325243734,1,NA
"166","ECs1682;","chr","Sakai_control","blocks",1676513,1676563,"+",1262,2276.77830457593,1,NA
"167","ECs1684;","chr","Sakai_control","blocks",1679857,1679873,"+",297,535.818665973891,1,NA
"168","ECs1693;","chr",NA,"blocks",1688911,1688931,"-",1,1.07865440020883,NA,1
"169","ECs1706,ECs1707;","chr","Sakai_control","blocks",1700128,1700177,"+",644,1161.84249456965,1,NA
"170","ECs1710;","chr","Sakai_control","blocks",1704734,1704761,"+",1,1.80410325243734,1,NA
"171","ECs1712;","chr",NA,"blocks",1707699,1707731,"-",29,31.280977606056,NA,1
"172","ECs1726,ECs1727;","chr","Sakai_control","blocks",1721152,1721201,"-",16,28.8656520389975,1,NA
"173","ECs1727;","chr","Sakai_control","blocks",1722637,1722653,"-",1,1.80410325243734,1,NA
"174","ECs1728,INT_0_1320;","chr","Sakai_control","blocks",1724681,1724730,"+",1157,2087.34746307001,1,NA
"175","ECs1735;","chr","Sakai_control","blocks",1734151,1734175,"+",853,1538.90007432905,1,NA
"176","ECs1736;","chr","Sakai_control","blocks",1734279,1734295,"+",1,1.80410325243734,1,NA
"177","ECs1737;","chr","Sakai_control","blocks",1735703,1735732,"+",3,5.04958533119777,1,1
"178","ECs1738;","chr",NA,"blocks",1737371,1737405,"+",2530,2728.99563252833,NA,1
"179","ECs1739;","chr",NA,"blocks",1737966,1737983,"-",594,640.720713724043,NA,1
"180","ECs1741;","chr","Sakai_control","blocks",1739701,1742066,"-",361,550.806608096231,1,1
"181","ECs1743;","chr","Sakai_control","blocks",1744594,1745131,"+",2,3.60820650487469,1,NA
"182","ECs1745;","chr",NA,"blocks",1746672,1746689,"+",1,1.07865440020883,NA,1
"183","ECs1752;","chr","Sakai_control","blocks",1754193,1754245,"+",1559,2812.59697054982,1,NA
"184","ECs1814;","chr","Sakai_control","blocks",1805267,1805316,"+",1527,2754.86566647182,1,NA
"185","ECs1825;","chr","Sakai_control","blocks",1812113,1812162,"+",640,1154.6260815599,1,NA
"186","ECs1830;","chr","Sakai_control","blocks",1816291,1816343,"-",1677,3025.48115433742,1,NA
"187","ECs1833;","chr","Sakai_control","blocks",1818382,1818431,"-",578,1042.77167990878,1,NA
"188","ECs1838;","chr","Sakai_control","blocks",1824580,1824599,"+",507,914.680348985733,1,NA
"189","ECs1842;","chr","Sakai_control","blocks",1828965,1829014,"-",487,878.598283936986,1,NA
"190","ECs1845,INT_0_1406;","chr","Sakai_control","blocks",1831355,1831375,"-",1,1.80410325243734,1,NA
"191","ECs1849;","chr","Sakai_control","blocks",1839006,1839046,"+",1,1.80410325243734,1,NA
"192","ECs1851;","chr","Sakai_control","blocks",1840102,1840143,"+",1,1.80410325243734,1,NA
"193","ECs1852;","chr","Sakai_control","blocks",1841035,1841067,"+",1,1.80410325243734,1,NA
"194","ECs1853;","chr","Sakai_control","blocks",1841633,1841655,"+",431,599.10808415228,1,1
"195","ECs1855,INT_0_1414;","chr","Sakai_control","blocks",1843679,1843728,"-",3,5.41230975731203,1,NA
"196","ECs1856;","chr",NA,"blocks",1843814,1844026,"-",2,2.15730880041765,NA,1
"197","ECs1858;","chr",NA,"blocks",1846269,1846297,"-",1,1.07865440020883,NA,1
"198","ECs1859;","chr",NA,"blocks",1849500,1849533,"-",16,17.2584704033412,NA,1
"199","ECs1861;","chr","Sakai_control","blocks",1851386,1851402,"-",405,730.661817237124,1,NA
"200","ECs1869;","chr",NA,"blocks",1861974,1862010,"-",1,1.07865440020883,NA,1
"201","ECs1881;","chr","Sakai_control","blocks",1876151,1876287,"+",162,286.823860503136,1,1
"202","ECs1892;","chr","Sakai_control","blocks",1882908,1882925,"+",2,3.60820650487469,1,NA
"203","ECs1895;","chr","Sakai_control","blocks",1886750,1886776,"+",509,918.288555490608,1,NA
"204","ECs1902;","chr","Sakai_control","blocks",1895332,1895356,"+",1,1.80410325243734,1,NA
"205","ECs1914;","chr","Sakai_control","blocks",1906378,1906425,"-",538,583.580587147378,1,1
"206","ECs1915;","chr",NA,"blocks",1907666,1907683,"-",107,115.416020822345,NA,1
"207","ECs1927;","chr",NA,"blocks",1920293,1920325,"+",1,1.07865440020883,NA,1
"208","ECs1995;","chr","Sakai_control","blocks",1971087,1971136,"+",513,925.504968500357,1,NA
"209","ECs2050;","chr","Sakai_control","blocks",2033564,2033613,"+",798,1439.674395445,1,NA
"210","ECs2057;","chr","Sakai_control","blocks",2041231,2041250,"-",1,1.80410325243734,1,NA
"211","ECs2061;","chr","Sakai_control","blocks",2049943,2049992,"+",318,573.704834275075,1,NA
"212","ECs2076;","chr",NA,"blocks",2067031,2067059,"-",342,368.899804871419,NA,1
"213","ECs2078;","chr",NA,"blocks",2071378,2071427,"+",80,86.2923520167062,NA,1
"214","ECs2081,INT_0_1586;","chr","Sakai_control","blocks",2073907,2073956,"-",5,9.02051626218672,1,NA
"215","ECs2096;","chr","Sakai_control","blocks",2089097,2089113,"-",2,3.60820650487469,1,NA
"216","ECs2097;","chr","Sakai_control","blocks",2091450,2091591,"-",831,1498.84707834932,1,1
"217","ECs2098,INT_0_1598;","chr","Sakai_control","blocks",2093246,2093295,"-",776,1399.98412389138,1,NA
"218","ECs2098;","chr","Sakai_control","blocks",2092187,2093218,"-",1043,1880.95424343992,1,1
"219","ECs2099;","chr",NA,"blocks",2095723,2095746,"-",4,4.31461760083531,NA,1
"220","ECs2144;","chr","Sakai_control","blocks",2149605,2149654,"-",802,1446.89080845475,1,NA
"221","ECs2182;","chr","Sakai_control","blocks",2182980,2183012,"-",74,133.503640680363,1,NA
"222","ECs2197;","chr","Sakai_control","blocks",2193510,2193560,"-",204.5,366.400044140637,1,1
"223","ECs2207;","chr","Sakai_control","blocks",2198501,2198550,"-",209,377.057579759405,1,NA
"224","ECs2263;","chr","Sakai_control","blocks",2239515,2239532,"-",3,5.41230975731203,1,NA
"225","ECs2277;","chr","Sakai_control","blocks",2247813,2247831,"-",184,331.954998448471,1,NA
"226","ECs2315;","chr","Sakai_control","blocks",2283559,2283592,"+",1,1.80410325243734,1,NA
"227","ECs2318;","chr","Sakai_control","blocks",2287784,2287833,"-",2,3.60820650487469,1,NA
"228","ECs2319;","chr","Sakai_control","blocks",2288904,2288953,"+",236,425.768367575213,1,NA
"229","ECs2320;","chr",NA,"blocks",2290518,2290535,"+",1,1.07865440020883,NA,1
"230","ECs2327;","chr","Sakai_control","blocks",2297183,2297232,"-",300,541.230975731203,1,NA
"231","ECs2331;","chr","Sakai_control","blocks",2301992,2302016,"+",473,853.340838402863,1,NA
"232","ECs2335;","chr","Sakai_control","blocks",2305197,2305246,"+",222,400.51092204109,1,NA
"233","ECs2338;","chr","Sakai_control","blocks",2308071,2308098,"-",360,649.477170877444,1,NA
"234","ECs2346;","chr","Sakai_control","blocks",2316051,2316100,"-",2072.5,2666.42786265653,1,1
"235","ECs2363;","chr","Sakai_control","blocks",2333745,2333794,"-",496,894.835213208922,1,NA
"236","ECs2368;","chr","Sakai_control","blocks",2339013,2339041,"-",1,1.80410325243734,1,NA
"237","ECs2370;","chr","Sakai_control","blocks",2341643,2341692,"+",1,1.80410325243734,1,NA
"238","ECs2379;","chr","Sakai_control","blocks",2350876,2350892,"-",1,1.80410325243734,1,NA
"239","ECs2380;","chr",NA,"blocks",2353108,2353124,"+",1,1.07865440020883,NA,1
"240","ECs2383;","chr","Sakai_control","blocks",2355551,2355590,"+",734,792.095054179394,1,1
"241","ECs2384;","chr","Sakai_control","blocks",2357253,2357303,"+",153,220.893684853546,1,1
"242","ECs2386;","chr","Sakai_control","blocks",2358681,2358730,"-",31,55.9272008255576,1,NA
"243","ECs2394;","chr","Sakai_control","blocks",2365492,2365541,"-",1242,2240.69623952718,1,NA
"244","ECs2395;","chr",NA,"blocks",2369211,2369227,"+",1,1.07865440020883,NA,1
"245","ECs2401;","chr","Sakai_control","blocks",2375511,2375559,"+",1,1.80410325243734,1,NA
"246","ECs2413;","chr",NA,"blocks",2389612,2389628,"+",3,3.23596320062648,NA,1
"247","ECs2417;","chr","Sakai_control","blocks",2393394,2393679,"-",691,1246.6353474342,1,NA
"248","ECs2424;","chr",NA,"blocks",2399711,2399738,"-",1,1.07865440020883,NA,1
"249","ECs2425;","chr",NA,"blocks",2400177,2400246,"-",1731,1867.15076676148,NA,1
"250","ECs2426;","chr",NA,"blocks",2400773,2400835,"-",1,1.07865440020883,NA,1
"251","ECs2445,INT_0_1887;","chr","Sakai_control","blocks",2421728,2421782,"-",1015,1831.1648012239,1,NA
"252","ECs2450;","chr","Sakai_control","blocks",2425891,2425940,"-",370,667.518203401817,1,NA
"253","ECs2462;","chr","Sakai_control","blocks",2438866,2438894,"+",1,1.80410325243734,1,NA
"254","ECs2464,INT_0_1898;","chr","Sakai_control","blocks",2440906,2440936,"-",1,1.80410325243734,1,NA
"255","ECs2470;","chr","Sakai_control","blocks",2446944,2446993,"-",777,1401.78822714382,1,NA
"256","ECs2487;","chr","Sakai_control","blocks",2463754,2463770,"-",602,1086.07015796728,1,NA
"257","ECs2488;","chr","Sakai_control","blocks",2465141,2465190,"+",8,14.4328260194987,1,NA
"258","ECs2513;","chr","Sakai_control","blocks",2489698,2489715,"-",265,478.087361895896,1,NA
"259","ECs2523;","chr","Sakai_control","blocks",2499556,2499578,"+",427,770.352088790746,1,NA
"260","ECs2541;","chr","Sakai_control","blocks",2517200,2517242,"-",129,232.729319564417,1,NA
"261","ECs2543;","chr","Sakai_control","blocks",2518910,2518932,"-",2,2.52003322653191,1,1
"262","ECs2544;","chr",NA,"blocks",2519499,2519535,"+",23,24.809051204803,NA,1
"263","ECs2550;","chr","Sakai_control","blocks",2525637,2525685,"-",1,1.80410325243734,1,NA
"264","ECs2557;","chr","Sakai_control","blocks",2532015,2532064,"-",1327,2394.04501598435,1,NA
"265","ECs2560;","chr","Sakai_control","blocks",2534037,2534086,"-",354,638.65255136282,1,NA
"266","ECs2564;","chr","Sakai_control","blocks",2540322,2540338,"+",612,1104.11119049165,1,NA
"267","ECs2566;","chr","Sakai_control","blocks",2542201,2542252,"-",1,1.80410325243734,1,NA
"268","ECs2598;","chr","Sakai_control","blocks",2576228,2576277,"-",829,1495.60159627056,1,NA
"269","ECs2602;","chr",NA,"blocks",2580008,2580026,"-",1,1.07865440020883,NA,1
"270","ECs2623;","chr","Sakai_control","blocks",2596261,2596311,"+",1995,3599.1859886125,1,NA
"271","ECs2625;","chr","Sakai_control","blocks",2596788,2596837,"-",379,683.755132673753,1,NA
"272","ECs2654;","chr","Sakai_control","blocks",2618743,2618768,"-",1,1.80410325243734,1,NA
"273","ECs2661;","chr",NA,"blocks",2623962,2623983,"-",170,183.371248035501,NA,1
"274","ECs2662;","chr",NA,"blocks",2625193,2625225,"-",1,1.07865440020883,NA,1
"275","ECs2678;","chr",NA,"blocks",2639700,2639724,"+",2,2.15730880041765,NA,1
"276","ECs2695;","chr","Sakai_control","blocks",2652833,2652882,"-",498,898.443419713797,1,NA
"277","ECs2702;","chr","Sakai_control","blocks",2658954,2658977,"+",315.5,340.678187691999,1,1
"278","ECs2708;","chr","Sakai_control","blocks",2663496,2663526,"-",2,3.60820650487469,1,NA
"279","ECs2711;","chr","Sakai_control","blocks",2666078,2666274,"+",561,1012.10192461735,1,NA
"280","ECs2737;","chr","Sakai_control","blocks",2690552,2690584,"-",90,162.369292719361,1,NA
"281","ECs2753,INT_0_2129;","chr","Sakai_control","blocks",2700564,2700614,"-",931,1679.62012801917,1,NA
"282","ECs2764;","chr","Sakai_control","blocks",2705571,2705589,"-",186,335.563204953346,1,NA
"283","ECs2766;","chr","Sakai_control","blocks",2706203,2706426,"+",1210,2182.96493544919,1,NA
"284","ECs2792;","chr",NA,"blocks",2740430,2740448,"+",278,299.865923258054,NA,1
"285","ECs2798,INT_0_2162;","chr","Sakai_control","blocks",2745901,2745925,"+",310,559.272008255576,1,NA
"286","ECs2798;","chr","Sakai_control","blocks",2745901,2745919,"+",1,1.80410325243734,1,NA
"287","ECs2809;","chr","Sakai_control","blocks",2751690,2751718,"-",1,1.80410325243734,1,NA
"288","ECs2817;","chr","Sakai_control","blocks",2760560,2760591,"-",1.5,1.9807060264275,1,1
"289","ECs2828;","chr","Sakai_control","blocks",2770278,2770327,"-",360,649.477170877444,1,NA
"290","ECs2836;","chr","Sakai_control","blocks",2777265,2777314,"-",652,1176.27532058915,1,NA
"291","ECs2838;","chr","Sakai_control","blocks",2779350,2779399,"-",110,198.451357768108,1,NA
"292","ECs2839;","chr",NA,"blocks",2780112,2780135,"-",2,2.15730880041765,NA,1
"293","ECs2845;","chr","Sakai_control","blocks",2786740,2786764,"-",1035,1867.24686627265,1,NA
"294","ECs2848;","chr","Sakai_control","blocks",2790544,2790593,"-",319,575.508937527513,1,NA
"295","ECs2862;","chr",NA,"blocks",2806908,2806924,"-",97,104.629476820256,NA,1
"296","ECs2889;","chr",NA,"blocks",2841534,2841551,"+",354,381.843657673925,NA,1
"297","ECs2894;","chr","Sakai_control","blocks",2846221,2846270,"-",5,9.02051626218672,1,NA
"298","ECs2895;","chr","Sakai_control","blocks",2846475,2846775,"-",2,3.60820650487469,1,NA
"299","ECs2898;","chr","Sakai_control","blocks",2849437,2849616,"-",2,3.60820650487469,1,NA
"300","ECs2900;","chr","Sakai_control","blocks",2851105,2851149,"-",1,1.80410325243734,1,NA
"301","ECs2972;","chr","Sakai_control","blocks",2923241,2923288,"-",6,10.8246195146241,1,NA
"302","ECs2986;","chr",NA,"blocks",2930717,2930750,"-",1,1.07865440020883,NA,1
"303","ECs3033;","chr","Sakai_control","blocks",2965723,2965772,"-",409.5,738.417557446978,1,1
"304","ECs3048;","chr","Sakai_control","blocks",2982055,2982077,"-",1,1.80410325243734,1,NA
"305","ECs3061;","chr",NA,"blocks",2997321,2997362,"-",920,992.362048192121,NA,1
"306","ECs3064;","chr",NA,"blocks",3002227,3002263,"+",1,1.07865440020883,NA,1
"307","ECs3069;","chr","Sakai_control","blocks",3007554,3007604,"+",1893,3415.16745686389,1,NA
"308","ECs3081;","chr","Sakai_control","blocks",3022223,3022271,"-",1,1.80410325243734,1,NA
"309","ECs3085;","chr",NA,"blocks",3027787,3027809,"-",7,7.55058080146179,NA,1
"310","ECs3095;","chr",NA,"blocks",3035635,3035661,"-",2,2.15730880041765,NA,1
"311","ECs3104,INT_0_2373;","chr","Sakai_control","blocks",3045723,3045757,"-",2,3.60820650487469,1,NA
"312","ECs3104;","chr","Sakai_control","blocks",3044638,3045502,"-",1231,2220.85110375037,1,NA
"313","ECs3111;","chr","Sakai_control","blocks",3056751,3056766,"-",2,3.60820650487469,1,NA
"314","ECs3114;","chr",NA,"blocks",3065165,3065192,"-",309,333.304209664528,NA,1
"315","ECs3126;","chr",NA,"blocks",3082331,3082354,"+",790,852.136976164974,NA,1
"316","ECs3137;","chr","Sakai_control","blocks",3093090,3093139,"-",504,909.268039228421,1,NA
"317","ECs3153;","chr",NA,"blocks",3110966,3111004,"-",36,38.8315584075178,NA,1
"318","ECs3154;","chr","Sakai_control","blocks",3111432,3111481,"-",239,431.180677332525,1,NA
"319","ECs3162;","chr",NA,"blocks",3120222,3120261,"-",1,1.07865440020883,NA,1
"320","ECs3165;","chr",NA,"blocks",3122348,3122374,"-",10,10.7865440020883,NA,1
"321","ECs3166;","chr",NA,"blocks",3123389,3123405,"-",1072,1156.31751702386,NA,1
"322","ECs3167;","chr",NA,"blocks",3125732,3126174,"-",875,943.822600182724,NA,1
"323","ECs3181;","chr",NA,"blocks",3141722,3141739,"+",2,2.15730880041765,NA,1
"324","ECs3204;","chr",NA,"blocks",3163216,3163238,"-",4,4.31461760083531,NA,1
"325","ECs3207;","chr","Sakai_control","blocks",3167942,3167964,"-",1,1.80410325243734,1,NA
"326","ECs3226;","chr","Sakai_control","blocks",3187157,3187206,"-",545,983.236272578352,1,NA
"327","ECs3249;","chr","Sakai_control","blocks",3212784,3212828,"+",1,1.80410325243734,1,NA
"328","ECs3259;","chr","Sakai_control","blocks",3225823,3225872,"-",146,263.399074855852,1,NA
"329","ECs3261,INT_0_2502;","chr","Sakai_control","blocks",3229235,3229259,"+",1,1.80410325243734,1,NA
"330","ECs3261;","chr","Sakai_control","blocks",3228524,3228573,"+",1438,2594.3004770049,1,NA
"331","ECs3271;","chr","Sakai_control","blocks",3239636,3239652,"+",2,3.60820650487469,1,NA
"332","ECs3279,ECs3280;","chr","Sakai_control","blocks",3250299,3250348,"-",1,1.80410325243734,1,NA
"333","ECs3280;","chr","Sakai_control","blocks",3250333,3250348,"-",95,171.389808981548,1,NA
"334","ECs3282;","chr","Sakai_control","blocks",3252072,3252087,"+",495,893.031109956485,1,NA
"335","ECs3283;","chr",NA,"blocks",3253048,3253064,"-",2,2.15730880041765,NA,1
"336","ECs3287;","chr","Sakai_control","blocks",3258353,3258392,"+",1028,1109.21944784079,1,1
"337","ECs3288,INT_0_2530,ECs3289;","chr","Sakai_control","blocks",3260176,3260225,"+",1,1.80410325243734,1,NA
"338","ECs3288,INT_0_2530;","chr","Sakai_control","blocks",3260176,3260196,"+",696,1255.65586369639,1,NA
"339","ECs3288;","chr",NA,"blocks",3260000,3260033,"+",2805,3025.62559258576,NA,1
"340","ECs3297;","chr",NA,"blocks",3267576,3267608,"-",1,1.07865440020883,NA,1
"341","ECs3326;","chr","Sakai_control","blocks",3294889,3294956,"+",1828,3297.90074545546,1,NA
"342","ECs3327;","chr","Sakai_control","blocks",3296514,3296544,"+",1,1.80410325243734,1,NA
"343","ECs3369;","chr",NA,"blocks",3348482,3348506,"-",1,1.07865440020883,NA,1
"344","ECs3373;","chr",NA,"blocks",3353350,3353373,"-",2,2.15730880041765,NA,1
"345","ECs3375;","chr","Sakai_control","blocks",3355068,3355092,"-",2,3.60820650487469,1,NA
"346","ECs3376;","chr",NA,"blocks",3356669,3356686,"-",6,6.47192640125296,NA,1
"347","ECs3378;","chr","Sakai_control","blocks",3358489,3358515,"-",1,1.80410325243734,1,NA
"348","ECs3386;","chr",NA,"blocks",3370660,3370687,"-",5,5.39327200104414,NA,1
"349","ECs3389;","chr",NA,"blocks",3376714,3376736,"+",1,1.07865440020883,NA,1
"350","ECs3392;","chr",NA,"blocks",3379088,3379109,"+",1,1.07865440020883,NA,1
"351","ECs3413;","chr","Sakai_control","blocks",3398711,3398730,"-",10,18.0410325243734,1,NA
"352","ECs3418;","chr","Sakai_control","blocks",3406304,3406322,"+",1,1.80410325243734,1,NA
"353","ECs3419;","chr","Sakai_control","blocks",3407438,3407455,"+",1,1.80410325243734,1,NA
"354","ECs3422;","chr","Sakai_control","blocks",3410210,3410234,"-",1,1.80410325243734,1,NA
"355","ECs3432;","chr",NA,"blocks",3423144,3423179,"-",43,46.3821392089796,NA,1
"356","ECs3438;","chr","Sakai_control","blocks",3429360,3429409,"-",1574,2839.65851933638,1,NA
"357","ECs3445;","chr",NA,"blocks",3436312,3436381,"-",872,940.586636982098,NA,1
"358","ECs3455;","chr",NA,"blocks",3453746,3454195,"-",192,207.101644840095,NA,1
"359","ECs3460;","chr","Sakai_control","blocks",3457479,3457557,"+",289.5,521.925167154497,1,1
"360","ECs3469;","chr",NA,"blocks",3464456,3464631,"-",6362,6862.39929412856,NA,1
"361","ECs3471;","chr",NA,"blocks",3465607,3465652,"-",4332,4672.73086170464,NA,1
"362","ECs3472;","chr",NA,"blocks",3466077,3466205,"-",775,835.957160161841,NA,1
"363","ECs3473;","chr","Sakai_control","blocks",3467190,3467744,"-",82,147.936466699862,1,NA
"364","ECs3476;","chr",NA,"blocks",3470262,3470683,"-",766,826.249270559962,NA,1
"365","ECs3486;","chr","Sakai_control","blocks",3477791,3477806,"+",412,743.290540004185,1,NA
"366","ECs3488;","chr","Sakai_control","blocks",3479947,3479996,"-",505,911.072142480858,1,NA
"367","ECs3515;","chr","Sakai_control","blocks",3503733,3503782,"-",1044,1883.48379554459,1,NA
"368","ECs3553,INT_0_2751;","chr","Sakai_control","blocks",3543068,3543117,"-",3,5.41230975731203,1,NA
"369","ECs3554;","chr",NA,"blocks",3543835,3545373,"-",2,2.15730880041765,NA,1
"370","ECs3556;","chr",NA,"blocks",3546913,3546946,"-",44,47.4607936091884,NA,1
"371","ECs3567;","chr",NA,"blocks",3557873,3557889,"+",1,1.07865440020883,NA,1
"372","ECs3575;","chr","Sakai_control","blocks",3567413,3567429,"+",1,1.80410325243734,1,NA
"373","ECs3593;","chr",NA,"blocks",3586223,3586241,"+",1,1.07865440020883,NA,1
"374","ECs3595,INT_0_2782;","chr","Sakai_control","blocks",3588032,3588074,"-",30,54.1230975731203,1,NA
"375","ECs3595;","chr","Sakai_control","blocks",3587174,3588064,"-",1427,2573.72989237586,1,1
"376","ECs3596;","chr","Sakai_control","blocks",3588234,3588328,"-",7957,14354.5241307917,1,1
"377","ECs3642;","chr","Sakai_control","blocks",3633463,3633479,"-",156,281.440107380226,1,NA
"378","ECs3645;","chr",NA,"blocks",3636215,3636250,"-",2826,3048.27733499015,NA,1
"379","ECs3647;","chr",NA,"blocks",3641202,3641218,"-",5,5.39327200104414,NA,1
"380","ECs3686;","chr",NA,"blocks",3688786,3688839,"-",1,1.07865440020883,NA,1
"381","ECs3732,INT_0_2888,ECs3733;","chr","Sakai_control","blocks",3732407,3732456,"-",339,611.591002576259,1,NA
"382","ECs3733;","chr","Sakai_control","blocks",3732434,3732456,"-",22,25.1812945090512,1,1
"383","ECs3754;","chr","Sakai_control","blocks",3760354,3761258,"+",3,5.41230975731203,1,NA
"384","ECs3758;","chr","Sakai_control","blocks",3766740,3766761,"+",1,1.80410325243734,1,NA
"385","ECs3760;","chr","Sakai_control","blocks",3770749,3770798,"-",274,494.324291167832,1,NA
"386","ECs3763;","chr",NA,"blocks",3773744,3773761,"-",1,1.07865440020883,NA,1
"387","ECs3781;","chr","Sakai_control","blocks",3793003,3793029,"+",2,3.60820650487469,1,NA
"388","ECs3784;","chr","Sakai_control","blocks",3795771,3795825,"-",340,475.559823905279,1,1
"389","ECs3793;","chr","Sakai_control","blocks",3805200,3805249,"-",846,1526.27135156199,1,NA
"390","ECs3796;","chr","Sakai_control","blocks",3807793,3808567,"-",2740,4943.24291167832,1,NA
"391","ECs3821;","chr",NA,"blocks",3832002,3832018,"+",1,1.07865440020883,NA,1
"392","ECs3843;","chr","Sakai_control","blocks",3852278,3852327,"+",673,1214.16148889033,1,NA
"393","ECs3848;","chr",NA,"blocks",3855881,3855897,"-",1,1.07865440020883,NA,1
"394","ECs3876;","chr",NA,"blocks",3880434,3880459,"-",454,489.709097694808,NA,1
"395","ECs3879;","chr",NA,"blocks",3882478,3882499,"-",6,6.47192640125296,NA,1
"396","ECs3885;","chr","Sakai_control","blocks",3888929,3888978,"+",672,1212.35738563789,1,NA
"397","ECs3903,INT_0_3019;","chr","Sakai_control","blocks",3906316,3906341,"-",1,1.80410325243734,1,NA
"398","ECs3918;","chr",NA,"blocks",3919781,3920032,"-",8,8.62923520167062,NA,1
"399","ECs3921;","chr","Sakai_control","blocks",3923007,3923041,"-",1,1.80410325243734,1,NA
"400","ECs3931;","chr",NA,"blocks",3931454,3931492,"-",2,2.15730880041765,NA,1
"401","ECs3934;","chr","Sakai_control","blocks",3934682,3934731,"-",1003,1809.51556219466,1,NA
"402","ECs3955;","chr","Sakai_control","blocks",3959832,3959881,"+",280,505.148910682456,1,NA
"403","ECs3975;","chr","Sakai_control","blocks",3985433,3985449,"+",2,3.60820650487469,1,NA
"404","ECs3976;","chr",NA,"blocks",3986550,3986587,"+",1,1.07865440020883,NA,1
"405","ECs3979,INT_0_3084;","chr","Sakai_control","blocks",3988946,3988995,"+",889,1603.8477914168,1,NA
"406","ECs3979;","chr","Sakai_control","blocks",3988946,3988968,"+",1,1.80410325243734,1,NA
"407","ECs3990;","chr","Sakai_control","blocks",3996079,3996128,"-",135,243.553939079041,1,NA
"408","ECs3991,INT_0_3095;","chr","Sakai_control","blocks",3997636,3997654,"-",390,703.600268450564,1,NA
"409","ECs3992;","chr","Sakai_control","blocks",3997932,3997976,"-",2,3.60820650487469,1,NA
"410","ECs3997;","chr",NA,"blocks",4004935,4004956,"-",387,417.439252880816,NA,1
"411","ECs3998;","chr","Sakai_control","blocks",4006432,4006466,"-",1,1.80410325243734,1,NA
"412","ECs4028;","chr",NA,"blocks",4037713,4037729,"-",2,2.15730880041765,NA,1
"413","ECs4035;","chr","Sakai_control","blocks",4042313,4042362,"-",1,1.80410325243734,1,NA
"414","ECs4043;","chr",NA,"blocks",4049834,4050131,"-",2,2.15730880041765,NA,1
"415","ECs4044;","chr",NA,"blocks",4050547,4050568,"-",491,529.619310502534,NA,1
"416","ECs4046;","chr",NA,"blocks",4054181,4054199,"-",1,1.07865440020883,NA,1
"417","ECs4049;","chr",NA,"blocks",4057348,4058302,"-",3473,3746.16673192526,NA,1
"418","ECs4055;","chr",NA,"blocks",4065294,4065326,"-",2223,2397.84873166422,NA,1
"419","ECs4059;","chr",NA,"blocks",4070419,4070488,"-",5324,5742.7560267118,NA,1
"420","ECs4064;","chr",NA,"blocks",4075180,4075288,"-",93,100.314859219421,NA,1
"421","ECs4078;","chr","Sakai_control","blocks",4085307,4085356,"+",228,411.335541555714,1,NA
"422","ECs4100;","chr",NA,"blocks",4110765,4110784,"-",3,3.23596320062648,NA,1
"423","ECs4101;","chr",NA,"blocks",4111677,4111703,"-",1,1.07865440020883,NA,1
"424","ECs4102;","chr",NA,"blocks",4112449,4112477,"-",863,930.878747380218,NA,1
"425","ECs4103;","chr",NA,"blocks",4113107,4113129,"-",1,1.07865440020883,NA,1
"426","ECs4107;","chr","Sakai_control","blocks",4116396,4116828,"+",636.5,1147.94899575025,1,1
"427","ECs4114;","chr","Sakai_control","blocks",4124028,4124048,"-",702,1266.48048321102,1,NA
"428","ECs4117;","chr",NA,"blocks",4126922,4126938,"+",1,1.07865440020883,NA,1
"429","ECs4122;","chr","Sakai_control","blocks",4134902,4134929,"-",1,1.80410325243734,1,NA
"430","ECs4132;","chr",NA,"blocks",4145393,4145430,"+",2220,2394.6127684636,NA,1
"431","ECs4153;","chr",NA,"blocks",4169826,4169852,"+",1,1.07865440020883,NA,1
"432","ECs4160,ECs4159;","chr",NA,"blocks",4174995,4175066,"-",4341,4682.43875130652,NA,1
"433","ECs4160;","chr",NA,"blocks",4175028,4175974,"-",3856,4159.29136720524,NA,1
"434","ECs4161;","chr",NA,"blocks",4176113,4176676,"-",5330,5749.22795311305,NA,1
"435","ECs4162;","chr",NA,"blocks",4176735,4176756,"-",19,20.4944336039677,NA,1
"436","ECs4163;","chr",NA,"blocks",4177112,4177227,"-",1433,1545.71175549925,NA,1
"437","ECs4164;","chr",NA,"blocks",4177634,4177770,"-",2891,3118.38987100372,NA,1
"438","ECs4165,ECs4164;","chr",NA,"blocks",4177745,4177779,"-",680,733.484992142003,NA,1
"439","ECs4165;","chr",NA,"blocks",4177761,4178943,"-",3615,3899.33565675491,NA,1
"440","ECs4166,ECs4165;","chr",NA,"blocks",4179089,4179125,"-",1,1.07865440020883,NA,1
"441","ECs4166;","chr",NA,"blocks",4179164,4179497,"-",1273,1373.12705146584,NA,1
"442","ECs4167,ECs4168;","chr",NA,"blocks",4179722,4179791,"-",23,24.809051204803,NA,1
"443","ECs4168;","chr",NA,"blocks",4179744,4180032,"-",7320,7895.75020952862,NA,1
"444","ECs4169;","chr",NA,"blocks",4180517,4180541,"-",1918,2068.85913960053,NA,1
"445","ECs4170,ECs4171;","chr",NA,"blocks",4181141,4181210,"-",393,423.911179282069,NA,1
"446","ECs4170;","chr",NA,"blocks",4180986,4181069,"-",2243,2419.4218196684,NA,1
"447","ECs4171;","chr",NA,"blocks",4181154,4181423,"-",7696,8301.32426400714,NA,1
"448","ECs4172;","chr",NA,"blocks",4181625,4181882,"-",2559,2760.27661013439,NA,1
"449","ECs4173;","chr",NA,"blocks",4181955,4182437,"-",5612,6053.40849397194,NA,1
"450","ECs4175;","chr",NA,"blocks",4182788,4183185,"-",1433,1545.71175549925,NA,1
"451","ECs4177;","chr",NA,"blocks",4183600,4183643,"-",367,395.86616487664,NA,1
"452","ECs4178;","chr",NA,"blocks",4183847,4183998,"-",8914,9615.12532346149,NA,1
"453","ECs4179;","chr",NA,"blocks",4184813,4184844,"-",2133,2300.76983564543,NA,1
"454","ECs4180;","chr",NA,"blocks",4184980,4185050,"-",3208,3460.32331586992,NA,1
"455","ECs4181;","chr",NA,"blocks",4185408,4185523,"-",4498,4851.78749213931,NA,1
"456","ECs4182;","chr",NA,"blocks",4186005,4186226,"-",2,2.15730880041765,NA,1
"457","ECs4183,ECs4184;","chr",NA,"blocks",4186682,4186714,"-",11,11.8651984022971,NA,1
"458","ECs4184;","chr",NA,"blocks",4186701,4186729,"-",1442,1555.41964510113,NA,1
"459","ECs4185;","chr",NA,"blocks",4187389,4187408,"-",419,451.956193687499,NA,1
"460","ECs4186;","chr",NA,"blocks",4188229,4188298,"-",3326,3587.60453509456,NA,1
"461","ECs4190;","chr",NA,"blocks",4190130,4191082,"-",2956,3188.50240701729,NA,1
"462","ECs4191;","chr",NA,"blocks",4191416,4192739,"-",2319,2501.39955408427,NA,1
"463","ECs4196;","chr","Sakai_control","blocks",4195458,4195508,"-",2366,4268.50829526675,1,NA
"464","ECs4200;","chr",NA,"blocks",4197933,4197971,"-",1803,1944.81388357652,NA,1
"465","ECs4203;","chr","Sakai_control","blocks",4202233,4202252,"+",139,250.770352088791,1,NA
"466","ECs4204;","chr","Sakai_control","blocks",4203583,4203599,"+",1,1.80410325243734,1,NA
"467","ECs4260;","chr","Sakai_control","blocks",4266589,4266618,"+",1,1.80410325243734,1,NA
"468","ECs4265;","chr","Sakai_control","blocks",4271997,4272018,"+",1,1.80410325243734,1,NA
"469","ECs4269;","chr",NA,"blocks",4275900,4275928,"+",1544,1665.44239392243,NA,1
"470","ECs4276;","chr","Sakai_control","blocks",4286797,4286846,"-",1125,2029.61615899201,1,NA
"471","ECs4277;","chr","Sakai_control","blocks",4288648,4288797,"-",798,1439.674395445,1,NA
"472","ECs4278;","chr","Sakai_control","blocks",4290468,4290512,"-",1,1.80410325243734,1,NA
"473","ECs4305;","chr","Sakai_control","blocks",4315461,4315476,"+",1,1.80410325243734,1,NA
"474","ECs4313,INT_0_3359;","chr","Sakai_control","blocks",4323473,4323494,"-",5,9.02051626218672,1,NA
"475","ECs4313;","chr","Sakai_control","blocks",4322001,4322038,"-",1,1.80410325243734,1,NA
"476","ECs4346;","chr",NA,"blocks",4351794,4351810,"-",2,2.15730880041765,NA,1
"477","ECs4349;","chr",NA,"blocks",4353866,4353886,"+",1,1.07865440020883,NA,1
"478","ECs4368;","chr","Sakai_control","blocks",4376009,4376058,"-",145,261.594971603415,1,NA
"479","ECs4377;","chr","Sakai_control","blocks",4387469,4387518,"+",839,1513.64262879493,1,NA
"480","ECs4379;","chr","Sakai_control","blocks",4389354,4389403,"-",674,1215.96559214277,1,NA
"481","ECs4386;","chr","Sakai_control","blocks",4396165,4396188,"-",915,1650.75447598017,1,NA
"482","ECs4390;","chr","Sakai_control","blocks",4398551,4398771,"-",1375,2479.553798823,1,1
"483","ECs4391;","chr","Sakai_control","blocks",4399651,4399700,"-",362,653.085377382318,1,NA
"484","ECs4395;","chr","Sakai_control","blocks",4406624,4406673,"-",388,699.992061945689,1,NA
"485","ECs4396;","chr","Sakai_control","blocks",4407156,4407180,"-",1077,1943.01920287502,1,NA
"486","ECs4397;","chr","Sakai_control","blocks",4408326,4409410,"-",2019,3642.484466671,1,NA
"487","ECs4425,INT_0_3446;","chr","Sakai_control","blocks",4452283,4452298,"-",1,1.80410325243734,1,NA
"488","ECs4439;","chr","Sakai_control","blocks",4466456,4466490,"-",1,1.80410325243734,1,NA
"489","ECs4440;","chr","Sakai_control","blocks",4467101,4467119,"+",1,1.80410325243734,1,NA
"490","ECs4441;","chr",NA,"blocks",4467623,4467642,"+",201,216.809534441974,NA,1
"491","ECs4442;","chr",NA,"blocks",4470244,4470260,"-",1,1.07865440020883,NA,1
"492","ECs4465;","chr","Sakai_control","blocks",4497965,4498014,"-",891,1607.45599792167,1,NA
"493","ECs4485;","chr",NA,"blocks",4528760,4528776,"+",1,1.07865440020883,NA,1
"494","ECs4495;","chr",NA,"blocks",4539311,4539336,"-",1347,1452.94747708129,NA,1
"495","ECs4500;","chr","Sakai_control","blocks",4544594,4544643,"-",747,1347.6651295707,1,NA
"496","ECs4512;","chr",NA,"blocks",4555401,4555534,"-",3640,3926.30201676013,NA,1
"497","ECs4514,ECs4515;","chr",NA,"blocks",4557809,4557829,"+",252,271.820908852624,NA,1
"498","ECs4555;","chr","Sakai_control","blocks",4592649,4592698,"-",1645,2967.74985025943,1,NA
"499","ECs4557;","chr","Sakai_control","blocks",4594543,4594592,"-",888,1602.04368816436,1,NA
"500","ECs4559;","chr","Sakai_control","blocks",4596725,4596774,"-",311,561.076111508014,1,NA
"501","ECs4561;","chr","Sakai_control","blocks",4599939,4600447,"-",2967,5352.7743499816,1,NA
"502","ECs4583;","chr","Sakai_control","blocks",4617599,4617648,"-",1376,2482.44607535378,1,NA
"503","ECs4626;","chr","Sakai_control","blocks",4657499,4657529,"-",1,1.80410325243734,1,NA
"504","ECs4640;","chr","Sakai_control","blocks",4672534,4672550,"+",1,1.80410325243734,1,NA
"505","ECs4646;","chr","Sakai_control","blocks",4679048,4680172,"+",3,5.41230975731203,1,NA
"506","ECs4660;","chr","Sakai_control","blocks",4693674,4693723,"+",313,564.684318012889,1,NA
"507","ECs4663;","chr",NA,"blocks",4696714,4696734,"-",82,88.4496608171238,NA,1
"508","ECs4664;","chr","Sakai_control","blocks",4698039,4698088,"-",1016,1832.96890447634,1,NA
"509","ECs4671;","chr",NA,"blocks",4706577,4706595,"-",286,308.495158459725,NA,1
"510","ECs4672;","chr",NA,"blocks",4707527,4707564,"-",1,1.07865440020883,NA,1
"511","ECs4673;","chr",NA,"blocks",4709396,4709411,"-",190,204.944336039677,NA,1
"512","ECs4674,INT_0_3650;","chr","Sakai_control","blocks",4710800,4710826,"-",1,1.80410325243734,1,NA
"513","ECs4675;","chr",NA,"blocks",4710866,4710886,"-",4,4.31461760083531,NA,1
"514","ECs4678;","chr","Sakai_control","blocks",4713907,4713956,"-",278,501.540704177581,1,NA
"515","ECs4690;","chr","Sakai_control","blocks",4726985,4727026,"+",2,3.60820650487469,1,NA
"516","ECs4697,INT_0_3671;","chr","Sakai_control","blocks",4734768,4734799,"-",1,1.80410325243734,1,NA
"517","ECs4699;","chr",NA,"blocks",4741716,4741752,"+",1,1.07865440020883,NA,1
"518","ECs4701,INT_0_3678;","chr","Sakai_control","blocks",4743854,4743871,"+",1,1.80410325243734,1,NA
"519","ECs4701;","chr","Sakai_control","blocks",4743775,4743854,"+",253,274.35046095729,1,1
"520","ECs4713;","chr","Sakai_control","blocks",4757812,4758934,"-",793,1430.65387918281,1,NA
"521","ECs4714;","chr",NA,"blocks",4759172,4759193,"-",1,1.07865440020883,NA,1
"522","ECs4716;","chr",NA,"blocks",4759928,4759997,"+",2462,2655.64713331413,NA,1
"523","ECs4718;","chr","Sakai_control","blocks",4762594,4762643,"+",787,1419.82925966819,1,NA
"524","ECs4732;","chr","Sakai_control","blocks",4780736,4780785,"-",622,1122.15222301603,1,NA
"525","ECs4742,ECs4741;","chr",NA,"blocks",4790833,4790860,"-",2,2.15730880041765,NA,1
"526","ECs4753;","chr",NA,"blocks",4804535,4804551,"+",1,1.07865440020883,NA,1
"527","ECs4759;","chr","Sakai_control","blocks",4809599,4809648,"+",378,681.951029421316,1,NA
"528","ECs4762;","chr","Sakai_control","blocks",4814955,4814985,"+",1,1.80410325243734,1,NA
"529","ECs4764;","chr","Sakai_control","blocks",4816347,4816396,"+",2026,3655.11318943806,1,NA
"530","ECs4779;","chr",NA,"blocks",4837259,4837293,"-",1,1.07865440020883,NA,1
"531","ECs4786;","chr","Sakai_control","blocks",4843452,4843501,"+",743,1340.44871656095,1,NA
"532","ECs4820;","chr",NA,"blocks",4881851,4881922,"-",5,5.39327200104414,NA,1
"533","ECs4838;","chr",NA,"blocks",4905577,4905616,"-",1,1.07865440020883,NA,1
"534","ECs4852;","chr",NA,"blocks",4918099,4918128,"-",573,618.068971319658,NA,1
"535","ECs4858;","chr",NA,"blocks",4922650,4922682,"-",869,937.350673781471,NA,1
"536","ECs4860,INT_0_3822;","chr","Sakai_control","blocks",4924807,4924851,"-",1,1.80410325243734,1,NA
"537","ECs4860;","chr","Sakai_control","blocks",4924777,4924826,"-",1,1.80410325243734,1,NA
"538","ECs4885;","chr",NA,"blocks",4958009,4958028,"-",3,3.23596320062648,NA,1
"539","ECs4890;","chr","Sakai_control","blocks",4965779,4965828,"+",659,1188.90404335621,1,NA
"540","ECs4894;","chr",NA,"blocks",4970957,4970985,"+",1,1.07865440020883,NA,1
"541","ECs4897;","chr",NA,"blocks",4974224,4974240,"+",1,1.07865440020883,NA,1
"542","ECs4903;","chr",NA,"blocks",4985114,4986084,"+",2938,3169.08662781353,NA,1
"543","ECs4905,ECs4904;","chr",NA,"blocks",4986744,4986765,"+",175,188.764520036545,NA,1
"544","ECs4905;","chr",NA,"blocks",4987141,4987157,"+",54,58.2473376112767,NA,1
"545","ECs4906;","chr",NA,"blocks",4987864,4987889,"+",319,344.090753666616,NA,1
"546","ECs4907;","chr",NA,"blocks",4988157,4988191,"+",2650,2858.43416055339,NA,1
"547","ECs4908;","chr",NA,"blocks",4988917,4989284,"+",1471,1586.70062270719,NA,1
"548","ECs4909;","chr",NA,"blocks",4989588,4989706,"+",6,6.47192640125296,NA,1
"549","ECs4910;","chr",NA,"blocks",4990123,4994164,"+",2154,2323.42157804981,NA,1
"550","ECs4911;","chr","Sakai_control","blocks",4996283,4996317,"+",2884,3124.98554282071,1,1
"551","ECs4979;","chr",NA,"blocks",5064411,5064427,"-",2,2.15730880041765,NA,1
"552","ECs4993;","chr",NA,"blocks",5077351,5077373,"-",1,1.07865440020883,NA,1
"553","ECs4996;","chr","Sakai_control","blocks",5078195,5078244,"-",177.5,319.865602881514,1,1
"554","ECs5018;","chr","Sakai_control","blocks",5100354,5100389,"+",1,1.80410325243734,1,NA
"555","ECs5020,INT_0_3942;","chr","Sakai_control","blocks",5103639,5103667,"+",2,3.60820650487469,1,NA
"556","ECs5020;","chr","Sakai_control","blocks",5103449,5103548,"+",2,3.60820650487469,1,NA
"557","ECs5024,INT_0_3946;","chr","Sakai_control","blocks",5109645,5109671,"-",1,1.80410325243734,1,NA
"558","ECs5040;","chr",NA,"blocks",5124296,5124332,"-",1,1.07865440020883,NA,1
"559","ECs5042;","chr","Sakai_control","blocks",5128063,5128082,"-",280,505.148910682456,1,NA
"560","ECs5053;","chr",NA,"blocks",5142605,5142620,"+",1,1.07865440020883,NA,1
"561","ECs5092;","chr","Sakai_control","blocks",5184659,5184674,"-",142,256.182661846103,1,NA
"562","ECs5093;","chr","Sakai_control","blocks",5186312,5186361,"+",352,634.318896005716,1,1
"563","ECs5107;","chr",NA,"blocks",5205467,5205486,"-",597,643.95667692467,NA,1
"564","ECs5111;","chr",NA,"blocks",5207936,5207958,"-",2,2.15730880041765,NA,1
"565","ECs5113;","chr","Sakai_control","blocks",5212727,5212753,"-",58.5,63.4640068383307,1,1
"566","ECs5120;","chr",NA,"blocks",5221573,5221589,"-",1,1.07865440020883,NA,1
"567","ECs5124;","chr",NA,"blocks",5225653,5226113,"+",80,86.2923520167062,NA,1
"568","ECs5135;","chr","Sakai_control","blocks",5236177,5236226,"-",846,1526.27135156199,1,NA
"569","ECs5141;","chr",NA,"blocks",5245353,5245393,"+",2336,2519.73667888782,NA,1
"570","ECs5145;","chr",NA,"blocks",5250322,5250340,"+",1,1.07865440020883,NA,1
"571","ECs5150;","chr","Sakai_control","blocks",5255774,5255823,"+",251,452.829916361773,1,NA
"572","ECs5151;","chr",NA,"blocks",5257359,5257387,"+",1386,1495.01499868943,NA,1
"573","ECs5153;","chr","Sakai_control","blocks",5258672,5258721,"+",552,600.495370880872,1,1
"574","ECs5155;","chr",NA,"blocks",5260516,5260545,"+",5,5.39327200104414,NA,1
"575","ECs5176;","chr",NA,"blocks",5278868,5278888,"+",6,6.47192640125296,NA,1
"576","ECs5179;","chr",NA,"blocks",5279975,5280013,"+",1,1.07865440020883,NA,1
"577","ECs5193;","chr",NA,"blocks",5293488,5293504,"+",2,2.15730880041765,NA,1
"578","ECs5195;","chr","Sakai_control","blocks",5295036,5295182,"+",3,5.41230975731203,1,NA
"579","ECs5200,ECs5201;","chr","Sakai_control","blocks",5303700,5303716,"+",437,788.393121315119,1,NA
"580","ECs5204;","chr","Sakai_control","blocks",5304711,5304760,"-",247,445.613503352024,1,NA
"581","ECs5209;","chr","Sakai_control","blocks",5310376,5310425,"-",242,436.592987089837,1,NA
"582","ECs5219;","chr",NA,"blocks",5323693,5323709,"+",1,1.07865440020883,NA,1
"583","ECs5220;","chr",NA,"blocks",5326420,5326461,"-",1257,1355.8685810625,NA,1
"584","ECs5230;","chr","Sakai_control","blocks",5331288,5331337,"+",600,1082.46195146241,1,NA
"585","ECs5232;","chr","Sakai_control","blocks",5334294,5334343,"+",1,1.80410325243734,1,NA
"586","ECs5240;","chr","Sakai_control","blocks",5344155,5344198,"-",200,360.820650487469,1,NA
"587","ECs5276;","chr","Sakai_control","blocks",5402504,5402550,"+",1,1.80410325243734,1,NA
"588","ECs5283;","chr","Sakai_control","blocks",5409472,5409521,"+",192,346.38782446797,1,NA
"589","ECs5284;","chr","Sakai_control","blocks",5411097,5411121,"-",506,912.876245733296,1,NA
"590","ECs5333;","chr",NA,"blocks",5468081,5468104,"+",389,419.596561681234,NA,1
"591","ECs5335;","chr","Sakai_control","blocks",5470610,5470629,"+",1,1.44137882632309,1,1
"592","ECs5341;","chr",NA,"blocks",5476940,5476955,"+",2,2.15730880041765,NA,1
"593","ECs5342;","chr","Sakai_control","blocks",5477995,5478043,"+",350,426.1341131724,1,1
"594","ECs5349;","chr","Sakai_control","blocks",5486230,5486249,"-",2,3.60820650487469,1,NA
"595","ECs5359,INT_0_4240;","chr","Sakai_control","blocks",5497055,5497126,"-",933,1683.22833452404,1,NA
"596","ECs5366;","chr",NA,"blocks",227084,228667,"+",11969,12910.4145160995,NA,1
"597","ECs5367;","chr",NA,"blocks",228712,228815,"+",2075,2238.20788043332,NA,1
"598","ECs5368;","chr",NA,"blocks",228830,228913,"+",24305,26216.6951970756,NA,1
"599","ECs5369;","chr",NA,"blocks",229094,231998,"+",32951,35542.7411412811,NA,1
"600","ECs5370;","chr",NA,"blocks",232149,232241,"+",2774,2992.18730617929,NA,1
"601","ECs5371,tRNA3-AspGTC;","chr","Sakai_control","blocks",232270,232323,"+",1277,2303.83985336249,1,NA
"602","ECs5371;","chr",NA,"blocks",232272,232355,"+",75716,81671.3965662116,NA,1
"603","ECs5372,tRNA4-AspGTC;","chr","Sakai_control","blocks",240494,240547,"+",1238,2233.47982651743,1,NA
"604","ECs5372;","chr",NA,"blocks",240496,240579,"+",75774,81733.9585214237,NA,1
"605","ECs5373,ECs0271;","chr",NA,"blocks",300016,300084,"+",10,10.7865440020883,NA,1
"606","ECs5373;","chr",NA,"blocks",300014,300058,"+",1298,1400.09341147106,NA,1
"607","ECs5378;","chr","Sakai_control","blocks",542549,542624,"+",3353,4300.46374712557,1,1
"608","ECs5379,tRNA7-ArgTCT;","chr","Sakai_control","blocks",657198,657247,"+",3,5.41230975731203,1,NA
"609","ECs5379;","chr",NA,"blocks",657198,657222,"+",1288,1389.30686746897,NA,1
"610","ECs5384;","chr",NA,"blocks",776584,776665,"-",1829,1972.85889798195,NA,1
"611","ECs5385;","chr",NA,"blocks",776709,776777,"-",1719,1854.20691395897,NA,1
"612","ECs5387,tRNA100-GlnTTG;","chr","Sakai_control","blocks",776958,776980,"-",2,3.60820650487469,1,NA
"613","ECs5387;","chr",NA,"blocks",776921,776993,"-",3696,3986.70666317183,NA,1
"614","ECs5388,tRNA99-GlnTTG;","chr","Sakai_control","blocks",777067,777089,"-",2,3.60820650487469,1,NA
"615","ECs5388;","chr",NA,"blocks",777030,777101,"-",3727,4020.1449495783,NA,1
"616","ECs5389;","chr",NA,"blocks",777103,777210,"-",2347,2531.60187729012,NA,1
"617","ECs5392;","chr",NA,"blocks",864979,865040,"+",259,279.371489654086,NA,1
"618","ECs5393;","chr",NA,"blocks",865093,865150,"+",604,651.507257726132,NA,1
"619","ECs5394;","chr",NA,"blocks",865168,865229,"+",287,309.573812859933,NA,1
"620","ECs5395;","chr",NA,"blocks",865297,865355,"+",587,633.170132922582,NA,1
"621","ECs5396;","chr",NA,"blocks",865374,865435,"+",282,304.180540858889,NA,1
"622","ECs5397;","chr",NA,"blocks",865596,865657,"+",261,281.528798454504,NA,1
"623","ECs5401;","chr",NA,"blocks",1056947,1057045,"-",1309,1411.95860987336,NA,1
"624","ECs5407;","chr",NA,"blocks",1210809,1210833,"-",698,752.900771345762,NA,1
"625","ECs5416;","chr",NA,"blocks",1456678,1456789,"-",1196,1290.07066264976,NA,1
"626","ECs5424;","chr",NA,"blocks",1732356,1732373,"-",73,78.7417712152444,NA,1
"627","ECs5425;","chr",NA,"blocks",1732588,1732667,"-",50,53.9327200104414,NA,1
"628","ECs5461,ECs5462;","chr",NA,"blocks",2346175,2346243,"+",4,4.31461760083531,NA,1
"629","ECs5461,tRNA23-ValGAC;","chr","Sakai_control","blocks",2346160,2346182,"+",521,939.937794519856,1,NA
"630","ECs5461;","chr",NA,"blocks",2346174,2346216,"+",1943,2095.82549960575,NA,1
"631","ECs5462,tRNA24-ValGAC;","chr","Sakai_control","blocks",2346241,2346263,"+",515,929.113175005232,1,NA
"632","ECs5462;","chr",NA,"blocks",2346255,2346297,"+",1727,1862.83614916064,NA,1
"633","ECs5466,tRNA86-LeuTAA,INT_0_2056,ECs5467,tRNA85-CysGCA;","chr","Sakai_control","blocks",2614156,2614205,"-",2,3.60820650487469,1,NA
"634","ECs5466;","chr",NA,"blocks",2614157,2614183,"-",3493,3767.73981992943,NA,1
"635","ECs5467,tRNA85-CysGCA;","chr","Sakai_control","blocks",2614186,2614206,"-",704,1270.08868971589,1,NA
"636","ECs5467;","chr",NA,"blocks",2614221,2614238,"-",2,2.15730880041765,NA,1
"637","ECs5468;","chr",NA,"blocks",2614291,2614368,"-",1554,1676.22893792452,NA,1
"638","ECs5475,tRNA25-AsnGTT,INT_0_2145;","chr","Sakai_control","blocks",2713152,2713209,"+",318,573.704834275075,1,NA
"639","ECs5475,tRNA25-AsnGTT;","chr","Sakai_control","blocks",2713130,2713186,"+",927,1672.40371500942,1,NA
"640","ECs5475;","chr",NA,"blocks",2713117,2713192,"+",754,813.305417757456,NA,1
"641","ECs5476,tRNA79-AsnGTT;","chr","Sakai_control","blocks",2727498,2727557,"-",1327,2394.04501598435,1,NA
"642","ECs5476;","chr",NA,"blocks",2727498,2727573,"-",799,861.844865766853,NA,1
"643","ECs5477,tRNA26-AsnGTT,INT_0_2152;","chr","Sakai_control","blocks",2729357,2729415,"+",357,644.064861120132,1,NA
"644","ECs5477,tRNA26-AsnGTT;","chr","Sakai_control","blocks",2729330,2729391,"+",897,1618.2806174363,1,NA
"645","ECs5477;","chr",NA,"blocks",2729322,2729397,"+",800,862.923520167062,NA,1
"646","ECs5478,tRNA27-AsnGTT,INT_0_2155;","chr","Sakai_control","blocks",2731765,2731814,"+",363,654.889480634756,1,NA
"647","ECs5478,tRNA27-AsnGTT;","chr","Sakai_control","blocks",2731740,2731801,"+",932,1681.4242312716,1,NA
"648","ECs5478;","chr",NA,"blocks",2731730,2731805,"+",829,894.204497773118,NA,1
"649","ECs5483;","chr",NA,"blocks",3021161,3021230,"+",420,453.034848087708,NA,1
"650","ECs5489,tRNA78-AlaGGC;","chr","Sakai_control","blocks",3244864,3244883,"-",465,838.908012383365,1,NA
"651","ECs5489;","chr",NA,"blocks",3244869,3244900,"-",661,712.990558538035,NA,1
"652","ECs5490,tRNA77-AlaGGC;","chr","Sakai_control","blocks",3244957,3245006,"-",493,889.42290345161,1,NA
"653","ECs5490;","chr",NA,"blocks",3244984,3245014,"-",691,745.3501905443,NA,1
"654","ECs5491;","chr",NA,"blocks",3249463,3249553,"+",1602,1728.00434913454,NA,1
"655","ECs5492;","chr",NA,"blocks",3249583,3249673,"+",1588,1712.90318753162,NA,1
"656","ECs5493,ECs5494;","chr",NA,"blocks",3249727,3249795,"+",331,357.034606469122,NA,1
"657","ECs5493;","chr",NA,"blocks",3249704,3249762,"+",1279,1379.59897786709,NA,1
"658","ECs5494;","chr",NA,"blocks",3249782,3249843,"+",283,305.259195259098,NA,1
"659","ECs5495,ECs3283;","chr",NA,"blocks",3252512,3252550,"-",6342,6840.82620612438,NA,1
"660","ECs5499;","chr",NA,"blocks",3446229,3446320,"-",2763,2980.32210777699,NA,1
"661","ECs5500;","chr",NA,"blocks",3446472,3449377,"-",32049,34569.7948722927,NA,1
"662","ECs5501;","chr",NA,"blocks",3449620,3449649,"-",780,841.350432162885,NA,1
"663","ECs5502;","chr",NA,"blocks",3449711,3451294,"-",12493,13475.6294218089,NA,1
"664","ECs5503,ssrA;","chr",NA,"blocks",3475604,3475747,"+",514,554.428361707337,NA,1
"665","ECs5503;","chr","Sakai_control","blocks",3475602,3475840,"+",1816,3276.25150642622,1,NA
"666","ECs5505,tRNA74-ArgACG;","chr","Sakai_control","blocks",3541944,3541995,"-",86,155.152879709612,1,NA
"667","ECs5505;","chr",NA,"blocks",3541916,3542042,"-",1623,1750.65609153893,NA,1
"668","ECs5506,tRNA73-ArgACG;","chr","Sakai_control","blocks",3542123,3542174,"-",88,158.761086214486,1,NA
"669","ECs5506;","chr",NA,"blocks",3542095,3542223,"-",1705,1839.10575235605,NA,1
"670","ECs5507,tRNA72-ArgACG;","chr","Sakai_control","blocks",3542262,3542313,"-",86,155.152879709612,1,NA
"671","ECs5507;","chr",NA,"blocks",3542234,3542362,"-",4765,5139.78821699506,NA,1
"672","ECs5508,tRNA71-ArgACG;","chr","Sakai_control","blocks",3542403,3542454,"-",96,173.193912233985,1,NA
"673","ECs5508;","chr",NA,"blocks",3542375,3542444,"-",1669,1800.27419394853,NA,1
"674","ECs5509;","chr",NA,"blocks",3542483,3542571,"-",2666,2875.69263095673,NA,1
"675","ECs5510,CsrB_NC_002695;","chr","Sakai_control","blocks",3646633,3646662,"-",83,149.740569952299,1,NA
"676","ECs5510,csrB;","chr",NA,"blocks",3646627,3646649,"-",4,4.31461760083531,NA,1
"677","ECs5511,GcvB_NC_002695;","chr","Sakai_control","blocks",3665149,3665193,"+",2,3.60820650487469,1,NA
"678","ECs5512,tRNA34-MetCAT,INT_0_2841,ECs5513,tRNA35-MetCAT;","chr","Sakai_control","blocks",3669847,3669896,"+",1,1.80410325243734,1,NA
"679","ECs5512,tRNA34-MetCAT,INT_0_2841;","chr","Sakai_control","blocks",3669822,3669875,"+",455,820.866979858991,1,NA
"680","ECs5512,tRNA34-MetCAT;","chr","Sakai_control","blocks",3669789,3669856,"+",658,1187.09994010377,1,NA
"681","ECs5512;","chr",NA,"blocks",3669788,3669893,"+",246,265.348982451372,NA,1
"682","ECs5513,tRNA35-MetCAT,INT_0_2842;","chr","Sakai_control","blocks",3669934,3669985,"+",434,782.980811557807,1,NA
"683","ECs5513,tRNA35-MetCAT;","chr","Sakai_control","blocks",3669899,3669965,"+",596,1075.24553845266,1,NA
"684","ECs5513;","chr",NA,"blocks",3669898,3670003,"+",1348,1454.0261314815,NA,1
"685","ECs5514,tRNA36-MetCAT,INT_0_2843;","chr","Sakai_control","blocks",3670044,3670095,"+",459,828.083392868741,1,NA
"686","ECs5514,tRNA36-MetCAT;","chr","Sakai_control","blocks",3670009,3670075,"+",625,1127.56453277334,1,NA
"687","ECs5514;","chr",NA,"blocks",3670044,3670113,"+",212,228.674732844271,NA,1
"688","ECs5515,tRNA69-GlyCCC;","chr","Sakai_control","blocks",3737323,3737372,"-",545,983.236272578352,1,NA
"689","ECs5515;","chr",NA,"blocks",3737349,3737368,"-",386,416.360598480607,NA,1
"690","ECs5516,INT_0_2933,ECs3782;","chr","Sakai_control","blocks",3793267,3793316,"+",11,19.8451357768108,1,NA
"691","ECs5516,INT_0_2933;","chr","Sakai_control","blocks",3793265,3793314,"+",11,19.8451357768108,1,NA
"692","ECs5516;","chr","Sakai_control","blocks",3793112,3793294,"+",836,1508.23031903762,1,NA
"693","ECs5517,tRNA37-PheGAA,INT_0_2979;","chr","Sakai_control","blocks",3852015,3852064,"+",449,810.042360344367,1,NA
"694","ECs5517;","chr",NA,"blocks",3851960,3851983,"+",423,456.270811288334,NA,1
"695","ECs5521,tRNA68-MetCAT,INT_0_3147;","chr","Sakai_control","blocks",4060753,4060787,"-",118,212.884183787607,1,NA
"696","ECs5521,tRNA68-MetCAT;","chr","Sakai_control","blocks",4060711,4060785,"-",959,1730.13501908741,1,NA
"697","ECs5521;","chr",NA,"blocks",4060726,4060750,"-",219,236.225313645733,NA,1
"698","ECs5522,tRNA67-LeuGAG;","chr","Sakai_control","blocks",4064570,4064604,"-",723,1304.3666515122,1,NA
"699","ECs5522;","chr",NA,"blocks",4064571,4064607,"-",1821,1964.22966278027,NA,1
"700","ECs5523;","chr",NA,"blocks",4158410,4158543,"-",5025,5420.23836104936,NA,1
"701","ECs5524,ECs5525;","chr",NA,"blocks",4158636,4158727,"-",13,14.0225072027148,NA,1
"702","ECs5524;","chr",NA,"blocks",4158614,4158647,"-",845,911.462968176459,NA,1
"703","ECs5525;","chr",NA,"blocks",4158669,4158727,"-",2680,2890.79379255966,NA,1
"704","ECs5526;","chr",NA,"blocks",4158879,4161783,"-",33313,35933.2140341567,NA,1
"705","ECs5527;","chr",NA,"blocks",4161949,4162047,"-",24253,26160.6051682647,NA,1
"706","ECs5528;","chr",NA,"blocks",4162062,4162165,"-",1959,2113.08397000909,NA,1
"707","ECs5529;","chr",NA,"blocks",4162210,4163793,"-",11940,12879.1335384934,NA,1
"708","ECs5533;","chr","Sakai_control","blocks",4401148,4401197,"+",14,25.2574455341228,1,NA
"709","ECs5535;","chr",NA,"blocks",4450452,4450471,"-",89,96.0002416185856,NA,1
"710","ECs5536;","chr","Sakai_control","blocks",4471705,4471754,"-",776,1399.98412389138,1,NA
"711","ECs5538;","chr",NA,"blocks",4580769,4580838,"+",180,194.157792037589,NA,1
"712","ECs5543;","chr",NA,"blocks",4735234,4736817,"+",11849,12780.9759880744,NA,1
"713","ECs5544;","chr",NA,"blocks",4736879,4736908,"+",778,839.193123362468,NA,1
"714","ECs5545;","chr",NA,"blocks",4737152,4740058,"+",33289,35907.3263285517,NA,1
"715","ECs5546;","chr",NA,"blocks",4740209,4740301,"+",2714,2927.46804216676,NA,1
"716","ECs5547,tRNA41-AspGTC;","chr","Sakai_control","blocks",4740334,4740383,"+",290,523.18994320683,1,NA
"717","ECs5547;","chr",NA,"blocks",4740338,4740390,"+",233,251.326475248657,NA,1
"718","ECs5548;","chr",NA,"blocks",4740401,4740434,"+",1571,1694.56606272807,NA,1
"719","ECs5550,tRNA43-ArgCCG,INT_0_3702;","chr","Sakai_control","blocks",4775837,4775886,"+",2535,4573.40174492867,1,NA
"720","ECs5550,tRNA43-ArgCCG;","chr","Sakai_control","blocks",4775837,4775856,"+",443,799.217740829743,1,NA
"721","ECs5550;","chr",NA,"blocks",4775809,4775827,"+",392,422.83252488186,NA,1
"722","ECs5551,tRNA44-HisGTG,INT_0_3703,ECs5552,tRNA45-LeuCAG;","chr","Sakai_control","blocks",4775971,4776020,"+",1,1.80410325243734,1,NA
"723","ECs5551,tRNA44-HisGTG,INT_0_3703;","chr","Sakai_control","blocks",4775971,4775991,"+",394,710.816681460313,1,NA
"724","ECs5551,tRNA44-HisGTG;","chr","Sakai_control","blocks",4775929,4775986,"+",991,1787.86632316541,1,NA
"725","ECs5551;","chr",NA,"blocks",4775915,4775951,"+",1,1.07865440020883,NA,1
"726","ECs5552,tRNA45-LeuCAG;","chr","Sakai_control","blocks",4776054,4776083,"+",556,1003.08140835516,1,NA
"727","ECs5552;","chr",NA,"blocks",4776054,4776081,"+",88,94.9215872183768,NA,1
"728","ECs5553,tRNA46-ProTGG,INT_0_3705;","chr","Sakai_control","blocks",4776197,4776218,"+",440,793.805431072431,1,NA
"729","ECs5553;","chr",NA,"blocks",4776140,4776171,"+",653,704.361323336364,NA,1
"730","ECs5554,tRNA47-LeuCAG;","chr","Sakai_control","blocks",4776280,4776309,"+",562,1013.90602786979,1,NA
"731","ECs5554;","chr",NA,"blocks",4776280,4776295,"+",89,96.0002416185856,NA,1
"732","ECs5555;","chr",NA,"blocks",4776409,4776429,"+",104,112.180057621718,NA,1
"733","ECs5557;","chr",NA,"blocks",4831636,4833219,"+",11058,11927.7603575092,NA,1
"734","ECs5558;","chr",NA,"blocks",4833264,4833367,"+",2001,2158.38745481786,NA,1
"735","ECs5559;","chr",NA,"blocks",4833382,4833465,"+",24224,26129.3241906586,NA,1
"736","ECs5560;","chr",NA,"blocks",4833645,4836552,"+",33376,36001.1692613698,NA,1
"737","ECs5561;","chr",NA,"blocks",4836639,4836795,"+",3842,4144.19020560231,NA,1
"738","ECs5567;","chr",NA,"blocks",4975909,4977493,"+",11682,12600.8407032395,NA,1
"739","ECs5568;","chr",NA,"blocks",4977554,4977583,"+",760,819.777344158709,NA,1
"740","ECs5569;","chr",NA,"blocks",4977826,4980733,"+",33269,35885.7532405475,NA,1
"741","ECs5570;","chr",NA,"blocks",4980820,4980976,"+",2756,2972.77152697553,NA,1
"742","ECs5571,tRNA52-ThrTGT,INT_0_3860,ECs5572,tRNA53-TyrGTA;","chr","Sakai_control","blocks",4984440,4984495,"+",19,34.2779617963095,1,NA
"743","ECs5571,tRNA52-ThrTGT,INT_0_3860;","chr","Sakai_control","blocks",4984440,4984480,"+",2979,5374.42358901085,1,NA
"744","ECs5571,tRNA52-ThrTGT;","chr","Sakai_control","blocks",4984440,4984479,"+",5,9.02051626218672,1,NA
"745","ECs5571;","chr",NA,"blocks",4984413,4984480,"+",1923,2074.25241160158,NA,1
"746","ECs5572,ECs5571;","chr",NA,"blocks",4984448,4984516,"+",2,2.15730880041765,NA,1
"747","ECs5572;","chr",NA,"blocks",4984489,4984604,"+",2774,2992.18730617929,NA,1
"748","ECs5573;","chr",NA,"blocks",4984690,4984708,"+",1,1.07865440020883,NA,1
"749","ECs5574,tRNA55-ThrGGT;","chr","Sakai_control","blocks",4984779,4984828,"+",361,651.281274129881,1,NA
"750","ECs5574;","chr",NA,"blocks",4984779,4984872,"+",1850,1995.51064038633,NA,1
"751","ECs5576;","chr",NA,"blocks",5016935,5018518,"+",11542,12449.8290872103,NA,1
"752","ECs5577;","chr",NA,"blocks",5018580,5018609,"+",706,761.530006547432,NA,1
"753","ECs5578;","chr",NA,"blocks",5018853,5021759,"+",33226,35839.3711013385,NA,1
"754","ECs5579;","chr",NA,"blocks",5021846,5022002,"+",3745,4039.56072878206,NA,1
"755","ECs5585;","chr",NA,"blocks",5217054,5217077,"-",415,447.641576086663,NA,1
"756","ECs5587;","chr",NA,"blocks",5246105,5246182,"+",1533,1653.57719552013,NA,1
"757","ECs5588;","chr",NA,"blocks",5246205,5246294,"+",1573,1696.72337152849,NA,1
"758","ECs5589;","chr",NA,"blocks",5246328,5246405,"+",1501,1619.06025471345,NA,1
"759","ECs5590,tRNA60-LeuCAA,INT_0_4135;","chr","Sakai_control","blocks",5347046,5347095,"+",160,288.656520389975,1,NA
"760","ECs5590,tRNA60-LeuCAA;","chr","Sakai_control","blocks",5347046,5347073,"+",1,1.80410325243734,1,NA
"761","ECs5594,tRNA61-LeuCAG;","chr","Sakai_control","blocks",5464454,5464483,"-",568,1024.73064738441,1,NA
"762","ECs5594;","chr",NA,"blocks",5464468,5464483,"-",100,107.865440020883,NA,1
"763","eno;","chr","Sakai_control","blocks",3629394,3629420,"-",1,1.80410325243734,1,NA
"764","flgA;","chr","Sakai_control","blocks",1489549,1489598,"-",363,654.889480634756,1,NA
"765","ftsA;","chr","Sakai_control","blocks",109026,109052,"+",36,64.9477170877444,1,NA
"766","ftsI;","chr","Sakai_control","blocks",96594,96610,"+",1,1.80410325243734,1,NA
"767","gatY;","chr","Sakai_control","blocks",2850110,2850158,"-",1,1.80410325243734,1,NA
"768","GcvB_NC_002695;","chr","Sakai_control","blocks",3665240,3665282,"+",4,7.21641300974937,1,NA
"769","gcvB,ECs5511;","chr",NA,"blocks",3665137,3665203,"+",829,894.204497773118,NA,1
"770","gcvB;","chr",NA,"blocks",3665245,3665314,"+",7094,7651.97431508142,NA,1
"771","gcvT;","chr","Sakai_control","blocks",3787573,3787593,"-",1,1.80410325243734,1,NA
"772","glmU;","chr","Sakai_control","blocks",4708586,4708607,"-",1,1.80410325243734,1,NA
"773","glmZ;","chr",NA,"blocks",4780196,4780225,"+",8,8.62923520167062,NA,1
"774","glnA;","chr","Sakai_control","blocks",4852442,4852465,"-",1323,2386.82860297461,1,NA
"775","glnG;","chr","Sakai_control","blocks",4850508,4850557,"-",426,768.547985538308,1,NA
"776","gltA;","chr","Sakai_control","blocks",829836,830078,"-",4524,8161.76311402654,1,NA
"777","glyQ;","chr","Sakai_control","blocks",4470599,4470648,"-",991,1787.86632316541,1,NA
"778","groEL;","chr","Sakai_control","blocks",5226118,5226167,"+",238,429.376574080088,1,NA
"779","groES;","chr","Sakai_control","blocks",5225154,5225203,"+",481,867.773664422362,1,NA
"780","guaA;","chr","Sakai_control","blocks",3348290,3348318,"-",358,645.868964372569,1,NA
"781","hdeB;","chr","Sakai_control","blocks",4398378,4398397,"-",1,1.80410325243734,1,NA
"782","hisG;","chr","Sakai_control","blocks",2762326,2762375,"+",1553,2801.77235103519,1,NA
"783","hscB;","chr","Sakai_control","blocks",3379626,3379654,"-",1,1.80410325243734,1,NA
"784","INT_0_0,tagA,INT_0_1;","plasmid_pO157","Sakai_control","blocks",935,992,"-",3117,5623.3898378472,1,NA
"785","INT_0_1011;","chr","Sakai_control","blocks",1381298,1381347,"+",642,1158.23428806477,1,NA
"786","INT_0_1112,bssS;","chr","Sakai_control","blocks",1479831,1479862,"-",1,1.80410325243734,1,NA
"787","INT_0_1149;","chr","Sakai_control","blocks",1516891,1516940,"+",2,3.60820650487469,1,NA
"788","INT_0_124,ECs0160;","chr","Sakai_control","blocks",180760,180809,"+",2,3.60820650487469,1,NA
"789","INT_0_124;","chr","Sakai_control","blocks",180760,180787,"+",1017,1834.77300772878,1,NA
"790","INT_0_1317;","chr","Sakai_control","blocks",1719237,1719254,"+",1,1.80410325243734,1,NA
"791","INT_0_1333;","chr","Sakai_control","blocks",1743858,1743880,"+",2,3.60820650487469,1,NA
"792","INT_0_1357,ECs1773;","chr","Sakai_control","blocks",1769213,1769262,"-",61,110.050298398678,1,NA
"793","INT_0_1363;","chr","Sakai_control","blocks",1772781,1772798,"-",805,1452.30311821206,1,NA
"794","INT_0_1366;","chr","Sakai_control","blocks",1774486,1774535,"-",2228,4019.5420464304,1,NA
"795","INT_0_1372;","chr","Sakai_control","blocks",1779523,1779572,"-",446,804.630050587055,1,NA
"796","INT_0_1414;","chr","Sakai_control","blocks",1843704,1843728,"-",1125,2029.61615899201,1,NA
"797","INT_0_1463;","chr","Sakai_control","blocks",1915244,1915294,"-",296,534.014562721454,1,NA
"798","INT_0_1488;","chr","Sakai_control","blocks",1940468,1940517,"+",470,847.928528645551,1,NA
"799","INT_0_1492;","chr","Sakai_control","blocks",1941783,1941832,"-",751,1354.88154258045,1,NA
"800","INT_0_1498;","chr","Sakai_control","blocks",1946821,1946870,"-",452,815.454670101679,1,NA
"801","INT_0_1513;","chr","Sakai_control","blocks",1970042,1970058,"+",2,3.60820650487469,1,NA
"802","INT_0_1530;","chr","Sakai_control","blocks",1998763,1998786,"+",1,1.80410325243734,1,NA
"803","INT_0_154;","chr","Sakai_control","blocks",218104,218153,"+",1595,2877.54468763756,1,NA
"804","INT_0_1572;","chr","Sakai_control","blocks",2052020,2052046,"-",150,270.615487865601,1,NA
"805","INT_0_1586;","chr","Sakai_control","blocks",2073932,2073956,"-",829,1495.60159627056,1,NA
"806","INT_0_1598;","chr","Sakai_control","blocks",2093561,2093599,"-",25,45.1025813109336,1,NA
"807","INT_0_16,INT_0_17,INT_0_18,INT_0_19,INT_0_20,INT_0_21,INT_0_22,INT_0_23,ECs0028;","chr","Sakai_control","blocks",26453,26503,"+",932,1681.4242312716,1,NA
"808","INT_0_1673;","chr","Sakai_control","blocks",2188551,2188568,"-",7,12.6287227670614,1,NA
"809","INT_0_1718;","chr","Sakai_control","blocks",2234238,2234287,"+",415,748.702849761498,1,NA
"810","INT_0_1724,ECs2262;","chr","Sakai_control","blocks",2237529,2237548,"+",3,5.41230975731203,1,NA
"811","INT_0_1724;","chr","Sakai_control","blocks",2237529,2237547,"+",459,828.083392868741,1,NA
"812","INT_0_1783;","chr","Sakai_control","blocks",2304151,2304167,"+",1,1.80410325243734,1,NA
"813","INT_0_1797;","chr","Sakai_control","blocks",2319544,2319572,"+",1,1.80410325243734,1,NA
"814","INT_0_1813;","chr","Sakai_control","blocks",2340984,2341006,"+",364,656.693583887193,1,NA
"815","INT_0_1815;","chr","Sakai_control","blocks",2343101,2343117,"+",1,1.80410325243734,1,NA
"816","INT_0_1828,ECs2384;","chr","Sakai_control","blocks",2357114,2357164,"+",440,793.805431072431,1,NA
"817","INT_0_1828;","chr","Sakai_control","blocks",2357095,2357122,"+",586,1057.20450592828,1,NA
"818","INT_0_1852;","chr","Sakai_control","blocks",2386896,2386945,"+",46,82.9887496121178,1,NA
"819","INT_0_1939;","chr","Sakai_control","blocks",2484662,2484711,"-",1588,2864.9159648705,1,NA
"820","INT_0_1960;","chr","Sakai_control","blocks",2508970,2509019,"-",589,1062.6168156856,1,NA
"821","INT_0_1980;","chr","Sakai_control","blocks",2527238,2527256,"+",1,1.80410325243734,1,NA
"822","INT_0_2005;","chr","Sakai_control","blocks",2560394,2560424,"-",2,3.60820650487469,1,NA
"823","INT_0_2044;","chr","Sakai_control","blocks",2598597,2598646,"+",4,7.21641300974937,1,NA
"824","INT_0_2055;","chr","Sakai_control","blocks",2613563,2613612,"-",3,5.41230975731203,1,NA
"825","INT_0_2088;","chr","Sakai_control","blocks",2652636,2652685,"-",208,375.253476506967,1,NA
"826","INT_0_2095;","chr","Sakai_control","blocks",2660335,2660355,"+",1,1.80410325243734,1,NA
"827","INT_0_2097,ECs2708;","chr","Sakai_control","blocks",2663489,2663526,"-",148,267.007281360727,1,NA
"828","INT_0_2114;","chr","Sakai_control","blocks",2689708,2689756,"-",1,1.80410325243734,1,NA
"829","INT_0_2123;","chr","Sakai_control","blocks",2696789,2696808,"-",145,261.594971603415,1,NA
"830","INT_0_2145;","chr","Sakai_control","blocks",2713276,2713295,"-",1,1.80410325243734,1,NA
"831","INT_0_2150,ECs5476,tRNA79-AsnGTT;","chr","Sakai_control","blocks",2727480,2727538,"-",5,9.02051626218672,1,NA
"832","INT_0_2153;","chr","Sakai_control","blocks",2730398,2730447,"-",2035,3671.35011870999,1,NA
"833","INT_0_2188,ECs2830;","chr","Sakai_control","blocks",2771913,2771937,"-",540,974.215756316165,1,NA
"834","INT_0_2221;","chr","Sakai_control","blocks",2828751,2828772,"+",1,1.80410325243734,1,NA
"835","INT_0_2228,ECs2896;","chr","Sakai_control","blocks",2847821,2847837,"-",1,1.80410325243734,1,NA
"836","INT_0_2229;","chr","Sakai_control","blocks",2848119,2848137,"-",1,1.80410325243734,1,NA
"837","INT_0_2259;","chr","Sakai_control","blocks",2902705,2902722,"+",2,3.60820650487469,1,NA
"838","INT_0_2278;","chr","Sakai_control","blocks",2924101,2924117,"+",1,1.80410325243734,1,NA
"839","INT_0_2280;","chr","Sakai_control","blocks",2925941,2926118,"-",2398,4326.23959934475,1,NA
"840","INT_0_2310,ECs3024;","chr","Sakai_control","blocks",2955394,2955423,"-",776,1399.98412389138,1,NA
"841","INT_0_232;","chr","Sakai_control","blocks",310473,310489,"+",1,1.80410325243734,1,NA
"842","INT_0_2349,ECs3067;","chr","Sakai_control","blocks",3004883,3004932,"+",3,5.41230975731203,1,NA
"843","INT_0_2349;","chr","Sakai_control","blocks",3004883,3004906,"+",1153,2080.13105006026,1,NA
"844","INT_0_2372,ECs3104;","chr","Sakai_control","blocks",3044609,3044658,"-",1,1.80410325243734,1,NA
"845","INT_0_2373;","chr","Sakai_control","blocks",3045741,3045790,"-",525,947.154207529605,1,NA
"846","INT_0_2390;","chr","Sakai_control","blocks",3079240,3079256,"+",3,5.41230975731203,1,NA
"847","INT_0_2526;","chr","Sakai_control","blocks",3255815,3255831,"+",1,1.80410325243734,1,NA
"848","INT_0_2565;","chr","Sakai_control","blocks",3306964,3306990,"-",1,1.80410325243734,1,NA
"849","INT_0_2656;","chr","Sakai_control","blocks",3430392,3430442,"-",1252,2258.73727205155,1,NA
"850","INT_0_2663;","chr","Sakai_control","blocks",3438728,3438752,"-",3,5.41230975731203,1,NA
"851","INT_0_2667,rrnG;","chr","Sakai_control","blocks",3446259,3446314,"-",116,209.275977282732,1,NA
"852","INT_0_2672,ECs3460;","chr","Sakai_control","blocks",3457246,3457285,"+",3,5.41230975731203,1,NA
"853","INT_0_2706;","chr","Sakai_control","blocks",3486265,3486314,"+",793,1430.65387918281,1,NA
"854","INT_0_2736,proX;","chr","Sakai_control","blocks",3531267,3531284,"-",1,1.80410325243734,1,NA
"855","INT_0_2745,ECs5505,tRNA74-ArgACG;","chr","Sakai_control","blocks",3541940,3541989,"-",2,3.60820650487469,1,NA
"856","INT_0_2746,ECs5506,tRNA73-ArgACG;","chr","Sakai_control","blocks",3542119,3542168,"-",2,3.60820650487469,1,NA
"857","INT_0_2748,ECs5508,tRNA71-ArgACG;","chr","Sakai_control","blocks",3542399,3542448,"-",1,1.80410325243734,1,NA
"858","INT_0_2751;","chr","Sakai_control","blocks",3543090,3543117,"-",945,1704.87757355329,1,NA
"859","INT_0_2840;","chr","Sakai_control","blocks",3669594,3669619,"-",796,1436.06618894013,1,NA
"860","INT_0_2898;","chr","Sakai_control","blocks",3747063,3747087,"+",1,1.80410325243734,1,NA
"861","INT_0_2932,ECs5516;","chr","Sakai_control","blocks",3793085,3793141,"+",4,7.21641300974937,1,NA
"862","INT_0_2934;","chr","Sakai_control","blocks",3794409,3794434,"+",1376,2482.44607535378,1,NA
"863","INT_0_297;","chr","Sakai_control","blocks",402274,402320,"-",1,1.80410325243734,1,NA
"864","INT_0_2986;","chr","Sakai_control","blocks",3863254,3863303,"+",944,1703.07347030085,1,NA
"865","INT_0_3146,ECs5521,tRNA68-MetCAT;","chr","Sakai_control","blocks",4060699,4060750,"-",17,30.6697552914348,1,NA
"866","INT_0_3146;","chr","Sakai_control","blocks",4060645,4060687,"-",1,1.80410325243734,1,NA
"867","INT_0_3149,ECs5522,tRNA67-LeuGAG;","chr","Sakai_control","blocks",4064554,4064604,"-",3,5.41230975731203,1,NA
"868","INT_0_3169,ECs4075;","chr","Sakai_control","blocks",4082587,4082636,"+",1,1.80410325243734,1,NA
"869","INT_0_3211;","chr","Sakai_control","blocks",4139423,4139460,"+",1,1.80410325243734,1,NA
"870","INT_0_3258;","chr","Sakai_control","blocks",4183175,4183225,"-",574,1035.55526689904,1,NA
"871","INT_0_3269;","chr","Sakai_control","blocks",4190011,4190028,"-",189,340.975514710658,1,NA
"872","INT_0_3323;","chr","Sakai_control","blocks",4265160,4265187,"+",1,1.80410325243734,1,NA
"873","INT_0_3344,RyhB_NC_002695;","chr","Sakai_control","blocks",4300173,4300222,"-",2,3.60820650487469,1,NA
"874","INT_0_3406;","chr","Sakai_control","blocks",4391677,4391696,"-",352,635.044344857945,1,NA
"875","INT_0_3413,ECs4390;","chr","Sakai_control","blocks",4398500,4398578,"-",1637,2953.31702423993,1,NA
"876","INT_0_3413;","chr","Sakai_control","blocks",4398452,4398504,"-",986,1778.84580690322,1,NA
"877","INT_0_3415;","chr","Sakai_control","blocks",4400170,4400189,"-",542.5,978.726014447259,1,NA
"878","INT_0_3415;","chr","Sakai_control","blocks",4399935,4399984,"+",542.5,978.726014447259,1,NA
"879","INT_0_3418;","chr","Sakai_control","blocks",4405910,4405932,"+",861,1553.33290034855,1,NA
"880","INT_0_3421;","chr","Sakai_control","blocks",4409779,4409796,"-",270,487.107878158083,1,NA
"881","INT_0_3469;","chr","Sakai_control","blocks",4481105,4481127,"+",1,1.80410325243734,1,NA
"882","INT_0_3564;","chr","Sakai_control","blocks",4602675,4602702,"-",38,68.5559235926191,1,NA
"883","INT_0_3622,ECs4644;","chr","Sakai_control","blocks",4677123,4677150,"+",1,1.80410325243734,1,NA
"884","INT_0_3623,tnaA;","chr","Sakai_control","blocks",4677415,4677465,"+",2,3.60820650487469,1,NA
"885","INT_0_3623;","chr","Sakai_control","blocks",4677239,4677416,"+",3,5.41230975731203,1,NA
"886","INT_0_3624,ECs4646;","chr","Sakai_control","blocks",4678934,4678951,"+",1,1.80410325243734,1,NA
"887","INT_0_3647;","chr","Sakai_control","blocks",4707163,4707182,"-",1,1.80410325243734,1,NA
"888","INT_0_3661,ECs4686;","chr","Sakai_control","blocks",4720579,4720604,"+",1,1.80410325243734,1,NA
"889","INT_0_3672;","chr","Sakai_control","blocks",4740268,4740315,"+",1,1.80410325243734,1,NA
"890","INT_0_3688;","chr","Sakai_control","blocks",4757686,4757735,"-",2367,4270.31239851919,1,NA
"891","INT_0_3704;","chr","Sakai_control","blocks",4776111,4776133,"+",1,1.80410325243734,1,NA
"892","INT_0_3705,ECs5554,tRNA47-LeuCAG;","chr","Sakai_control","blocks",4776223,4776244,"+",1,1.80410325243734,1,NA
"893","INT_0_3706;","chr","Sakai_control","blocks",4776339,4776356,"+",1,1.80410325243734,1,NA
"894","INT_0_3729;","chr","Sakai_control","blocks",4805412,4805442,"+",2,3.60820650487469,1,NA
"895","INT_0_3732,ECs4759;","chr","Sakai_control","blocks",4809350,4809399,"+",718,1295.34613525001,1,NA
"896","INT_0_3736,ubiE;","chr","Sakai_control","blocks",4815137,4815170,"+",289,521.385839954392,1,NA
"897","INT_0_3736;","chr","Sakai_control","blocks",4815082,4815106,"+",1,1.80410325243734,1,NA
"898","INT_0_3764,glnA;","chr","Sakai_control","blocks",4852416,4852465,"-",3,5.41230975731203,1,NA
"899","INT_0_3800;","chr","Sakai_control","blocks",4906290,4906359,"+",2600,4690.66845633709,1,NA
"900","INT_0_3814;","chr","Sakai_control","blocks",4918481,4918507,"+",1,1.80410325243734,1,NA
"901","INT_0_3824;","chr","Sakai_control","blocks",4928439,4928487,"+",1,1.80410325243734,1,NA
"902","INT_0_3883;","chr","Sakai_control","blocks",5016918,5016941,"+",1,1.80410325243734,1,NA
"903","INT_0_4,INT_0_5,INT_0_6,INT_0_7,INT_0_8,INT_0_9,INT_0_10,dnaK;","chr","Sakai_control","blocks",12715,12764,"+",675,1217.76969539521,1,NA
"904","INT_0_4023,aspA;","chr","Sakai_control","blocks",5221340,5221362,"-",1,1.80410325243734,1,NA
"905","INT_0_4050,hfq;","chr","Sakai_control","blocks",5254006,5254028,"+",1,1.80410325243734,1,NA
"906","INT_0_4132,ECs5240;","chr","Sakai_control","blocks",5344149,5344198,"-",6,10.8246195146241,1,NA
"907","INT_0_42,INT_0_43,INT_0_44,INT_0_45,INT_0_46,INT_0_47,INT_0_48;","chr","Sakai_control","blocks",63257,63306,"-",620,1118.54401651115,1,NA
"908","INT_0_4213,ECs5594,tRNA61-LeuCAG;","chr","Sakai_control","blocks",5464433,5464483,"-",4,7.21641300974937,1,NA
"909","INT_0_4240;","chr","Sakai_control","blocks",5497112,5497130,"-",1,1.80410325243734,1,NA
"910","INT_0_4241;","chr","Sakai_control","blocks",5497438,5497487,"-",1133,2044.04898501151,1,NA
"911","INT_0_548,leuS;","chr","Sakai_control","blocks",753546,753566,"-",1,1.80410325243734,1,NA
"912","INT_0_549,ECs0681;","chr","Sakai_control","blocks",756352,756402,"+",1001,1805.90735568978,1,NA
"913","INT_0_549;","chr","Sakai_control","blocks",756352,756372,"+",729,1315.19127102682,1,NA
"914","INT_0_554;","chr","Sakai_control","blocks",761998,762014,"-",1,1.80410325243734,1,NA
"915","INT_0_59,INT_0_60,INT_0_64;","chr","Sakai_control","blocks",88364,88413,"-",10,18.0410325243734,1,NA
"916","INT_0_594,ECs0735;","chr","Sakai_control","blocks",819449,819505,"+",700,1262.87227670614,1,NA
"917","INT_0_6,INT_0_7,INT_0_8,INT_0_9,INT_0_10,dnaK,INT_0_11;","chr","Sakai_control","blocks",14078,14127,"+",1204,2172.14031593456,1,NA
"918","INT_0_600,gltA;","chr","Sakai_control","blocks",829825,829876,"-",5,9.02051626218672,1,NA
"919","INT_0_657;","chr","Sakai_control","blocks",899213,899229,"+",1,1.80410325243734,1,NA
"920","INT_0_659;","chr","Sakai_control","blocks",901344,901393,"+",707.5,1276.40305109942,1,NA
"921","INT_0_659;","chr","Sakai_control","blocks",901571,901621,"-",707.5,1276.40305109942,1,NA
"922","INT_0_75;","chr","Sakai_control","blocks",112273,112306,"+",1,1.80410325243734,1,NA
"923","INT_0_771;","chr","Sakai_control","blocks",1063638,1063658,"+",1,1.80410325243734,1,NA
"924","INT_0_781;","chr","Sakai_control","blocks",1079858,1079885,"+",477,860.557251412613,1,NA
"925","INT_0_8,INT_0_9,INT_0_10,INT_0_11,INT_0_12,INT_0_13;","chr","Sakai_control","blocks",15631,15649,"+",1,1.80410325243734,1,NA
"926","INT_0_819,ECs1037;","chr","Sakai_control","blocks",1145160,1145189,"+",275,496.128394420269,1,NA
"927","INT_0_824;","chr","Sakai_control","blocks",1149530,1149657,"-",1722,3106.66580069711,1,NA
"928","INT_0_860;","chr","Sakai_control","blocks",1180019,1180035,"-",3,5.41230975731203,1,NA
"929","INT_0_861;","chr","Sakai_control","blocks",1182008,1182027,"-",430,775.764398548058,1,NA
"930","INT_0_9,INT_0_10,INT_0_11,INT_0_12,INT_0_13,INT_0_14,nhaR;","chr","Sakai_control","blocks",17539,17562,"+",1,1.80410325243734,1,NA
"931","INT_0_925,ECs1204;","chr","Sakai_control","blocks",1266410,1266463,"+",929,1676.01192151429,1,NA
"932","INT_0_925;","chr","Sakai_control","blocks",1266286,1266405,"+",1941,3501.76441298088,1,NA
"933","INT_0_929;","chr","Sakai_control","blocks",1266940,1266963,"-",1,1.80410325243734,1,NA
"934","INT_0_959;","chr","Sakai_control","blocks",1305522,1305539,"-",372,671.126409906692,1,NA
"935","INT_0_962;","chr","Sakai_control","blocks",1308207,1308256,"-",560,1010.29782136491,1,NA
"936","ispG;","chr","Sakai_control","blocks",3356936,3356951,"-",1,1.80410325243734,1,NA
"937","kgd;","chr","Sakai_control","blocks",836194,836243,"+",1061,1914.15355083602,1,NA
"938","lamB;","chr","Sakai_control","blocks",5102293,5102341,"+",1,1.80410325243734,1,NA
"939","lpdA;","chr","Sakai_control","blocks",133198,133247,"+",1,1.80410325243734,1,NA
"940","lysS;","chr","Sakai_control","blocks",3772057,3772086,"+",1,1.80410325243734,1,NA
"941","metQ;","chr","Sakai_control","blocks",223576,223607,"-",1,1.80410325243734,1,NA
"942","miaA;","chr","Sakai_control","blocks",5253344,5253715,"+",329,593.549970051886,1,NA
"943","micA;","chr",NA,"blocks",3538978,3539017,"+",1,1.07865440020883,NA,1
"944","MicF_NC_002695,ECs5485;","chr","Sakai_control","blocks",3046090,3046151,"+",2459,4436.28989774343,1,NA
"945","mltA,INT_0_2840;","chr","Sakai_control","blocks",3669569,3669619,"-",1,1.80410325243734,1,NA
"946","mtlR;","chr","Sakai_control","blocks",4516620,4516636,"+",1,1.80410325243734,1,NA
"947","murC;","chr","Sakai_control","blocks",105385,105434,"+",295,532.210459469016,1,NA
"948","no matches;","chr",NA,"blocks",551691,5222869,"-",13661.5,14736.0370884529,NA,1
"949","no matches;","chr",NA,"blocks",194110,5278834,"+",13661.5,14736.0370884529,NA,1
"950","ompX;","chr","Sakai_control","blocks",974850,974954,"+",4,7.21641300974937,1,NA
"951","omrA;","chr",NA,"blocks",3698565,3698586,"-",1,1.07865440020883,NA,1
"952","oppB,INT_0_1335,ECs1745;","chr","Sakai_control","blocks",1746657,1746706,"+",555,1001.27730510273,1,NA
"953","pgi;","chr","Sakai_control","blocks",5088638,5088654,"+",1,1.80410325243734,1,NA
"954","pheT;","chr","Sakai_control","blocks",2395277,2395313,"-",1,1.80410325243734,1,NA
"955","pO157p01;","plasmid_pO157",NA,"blocks",70459,70484,"-",700,755.058080146179,NA,1
"956","pO157p01;","plasmid_pO157",NA,"blocks",32499,74214,"+",700,755.058080146179,NA,1
"957","pspB,ECs1883;","chr","Sakai_control","blocks",1876822,1876871,"+",237,427.57247082765,1,NA
"958","pspG;","chr","Sakai_control","blocks",5116119,5116168,"+",746,1345.86102631826,1,NA
"959","RecB;","chr","Sakai_control","blocks",3675818,3675867,"+",718,1295.34613525001,1,NA
"960","RecB;","chr","Sakai_control","blocks",3677255,3677272,"-",718,1295.34613525001,1,NA
"961","rfaD;","chr","Sakai_control","blocks",4540898,4540920,"+",1089,1964.66844190427,1,NA
"962","rihA;","chr","Sakai_control","blocks",764945,764967,"-",1,1.80410325243734,1,NA
"963","rimM;","chr","Sakai_control","blocks",3465691,3465740,"-",155,279.636004127788,1,NA
"964","rnpB,ECs5520;","chr",NA,"blocks",4009522,4009538,"-",202,217.888188842183,NA,1
"965","rplC;","chr","Sakai_control","blocks",4187567,4187618,"-",528,952.566517286917,1,NA
"966","rplD;","chr","Sakai_control","blocks",4186877,4186926,"-",561,1012.10192461735,1,NA
"967","rplL;","chr","Sakai_control","blocks",4989784,4989814,"+",1,1.80410325243734,1,NA
"968","rpmE2;","chr","Sakai_control","blocks",344965,345048,"-",1689,3047.13039336667,1,NA
"969","RprA_NC_002695,INT_0_1839;","chr","Sakai_control","blocks",2370143,2370193,"+",5,9.02051626218672,1,NA
"970","RprA_NC_002695;","chr","Sakai_control","blocks",2370143,2370172,"+",2151,3880.62609599273,1,NA
"971","rprA;","chr",NA,"blocks",2370110,2370153,"+",3121,3366.48038305175,NA,1
"972","rpsB;","chr","Sakai_control","blocks",193676,194026,"+",1394,2514.91993389766,1,NA
"973","rpsV,INT_0_1589;","chr","Sakai_control","blocks",2077174,2077225,"-",1473,2657.44409084021,1,NA
"974","rpsV;","chr","Sakai_control","blocks",2077087,2077181,"-",2559,4616.70022298716,1,NA
"975","rrnA,ECs5558,tRNA49-IleGAT;","chr","Sakai_control","blocks",4833272,4833333,"+",429,773.96029529562,1,NA
"976","rrnA,ECs5559,tRNA50-AlaTGC;","chr","Sakai_control","blocks",4833399,4833424,"+",92,165.977499224236,1,NA
"977","rrnA,INT_0_3751;","chr","Sakai_control","blocks",4833673,4836767,"+",23867,43058.5323259221,1,NA
"978","rrnA;","chr","Sakai_control","blocks",4831720,4833152,"+",8050,14523.0311821206,1,NA
"979","rrnB,ECs5568,tRNA51-GluTTC,INT_0_3856;","chr","Sakai_control","blocks",4977602,4977658,"+",107,193.039048010796,1,NA
"980","rrnB,ECs5568,tRNA51-GluTTC;","chr","Sakai_control","blocks",4977573,4977627,"+",693,1250.24355393908,1,NA
"981","rrnB,INT_0_3856;","chr","Sakai_control","blocks",4977854,4980948,"+",23657,42679.6706429102,1,NA
"982","rrnB;","chr","Sakai_control","blocks",4975993,4977425,"+",7981,14398.5480577024,1,NA
"983","rrnC,ECs5544,tRNA40-GluTTC,INT_0_3672;","chr","Sakai_control","blocks",4736926,4736976,"+",92,165.977499224236,1,NA
"984","rrnC,ECs5544,tRNA40-GluTTC;","chr","Sakai_control","blocks",4736898,4736952,"+",671,1210.55328238546,1,NA
"985","rrnC,INT_0_3672;","chr","Sakai_control","blocks",4737172,4740273,"+",23649,42665.2378168907,1,NA
"986","rrnC;","chr","Sakai_control","blocks",4735318,4736750,"+",7935,14315.5593080903,1,NA
"987","rrnD,ECs5524,tRNA66-ThrGGT;","chr","Sakai_control","blocks",4158625,4158641,"-",369,665.71410014938,1,NA
"988","rrnD,ECs5527,tRNA65-AlaTGC;","chr","Sakai_control","blocks",4162005,4162030,"-",96,173.193912233985,1,NA
"989","rrnD,ECs5528,tRNA64-IleGAT;","chr","Sakai_control","blocks",4162098,4162157,"-",425,766.743882285871,1,NA
"990","rrnD,INT_0_3228;","chr","Sakai_control","blocks",4158664,4161756,"-",24374,43973.2126749078,1,NA
"991","rrnD,INT_0_3230;","chr","Sakai_control","blocks",4162277,4163709,"-",8024,14476.1244975572,1,NA
"992","rrnD;","chr","Sakai_control","blocks",4158428,4158489,"-",19,34.2779617963095,1,NA
"993","rrnE,ECs5577,tRNA56-GluTTC,INT_0_3884;","chr","Sakai_control","blocks",5018635,5018655,"+",116,209.275977282732,1,NA
"994","rrnE,ECs5577,tRNA56-GluTTC;","chr","Sakai_control","blocks",5018599,5018653,"+",636,1147.40966855015,1,NA
"995","rrnE,INT_0_3884;","chr","Sakai_control","blocks",5018880,5021974,"+",23706,42768.0717022797,1,NA
"996","rrnE;","chr","Sakai_control","blocks",5017019,5018450,"+",8002,14436.4342260036,1,NA
"997","rrnG,ECs5501,tRNA76-GluTTC;","chr","Sakai_control","blocks",3449552,3449630,"-",754,1360.29385233776,1,NA
"998","rrnG,INT_0_2668;","chr","Sakai_control","blocks",3449778,3451210,"-",8810,15894.149653973,1,NA
"999","rrnG;","chr","Sakai_control","blocks",3446266,3449349,"-",25274,45596.9056021014,1,NA
"1000","rrnH,ECs5367,tRNA1-IleGAT;","chr","Sakai_control","blocks",228720,228769,"+",416,750.506953013935,1,NA
"1001","rrnH,ECs5368,tRNA2-AlaTGC;","chr","Sakai_control","blocks",228847,228872,"+",94,169.58570572911,1,NA
"1002","rrnH,INT_0_164;","chr","Sakai_control","blocks",229121,232213,"+",24023,43339.9724333023,1,NA
"1003","rrnH;","chr","Sakai_control","blocks",227168,228600,"+",8055,14532.0516983828,1,NA
"1004","rumB;","chr","Sakai_control","blocks",1024767,1024816,"-",989,1784.25811666053,1,NA
"1005","RybB_NC_002695;","chr","Sakai_control","blocks",1013266,1013284,"-",451,813.650566849242,1,NA
"1006","RyeE_NC_002695,ECs2890;","chr","Sakai_control","blocks",2842594,2842634,"+",2,3.60820650487469,1,NA
"1007","RyeE_NC_002695;","chr","Sakai_control","blocks",2842549,2842616,"+",17,30.6697552914348,1,NA
"1008","RyhB_NC_002695;","chr","Sakai_control","blocks",4300195,4300271,"-",2008,3622.63933089419,1,NA
"1009","spf,ECs5563;","chr",NA,"blocks",4845852,4845966,"+",1247,1345.08203706041,NA,1
"1010","Spot_42_NC_002695,ECs5563;","chr","Sakai_control","blocks",4845852,4845951,"+",7643,13788.7611583786,1,NA
"1011","SraC_RyeA_NC_002695;","chr","Sakai_control","blocks",2524935,2524985,"-",667.5,1204.23892100193,1,NA
"1012","SraC_RyeA_NC_002695;","chr","Sakai_control","blocks",2524931,2524980,"+",667.5,1204.23892100193,1,NA
"1013","SraD_NC_002695;","chr","Sakai_control","blocks",3538908,3538957,"-",190.5,343.681669589314,1,NA
"1014","SraD_NC_002695;","chr","Sakai_control","blocks",3538960,3539008,"+",190.5,343.681669589314,1,NA
"1015","SraE_OmrA_OmrB;","chr","Sakai_control","blocks",3698518,3698787,"-",7173,12940.8326297331,1,NA
"1016","SraH_NC_002695,ECs4089;","chr","Sakai_control","blocks",4092994,4093043,"+",1594,2875.74058438513,1,NA
"1017","SraH_NC_002695;","chr","Sakai_control","blocks",4092994,4093030,"+",7,12.6287227670614,1,NA
"1018","SraJ_NC_002695;","chr","Sakai_control","blocks",4780091,4780224,"+",185,333.759101700909,1,NA
"1019","sroB_NC_002695;","chr","Sakai_control","blocks",573005,573066,"+",3,5.41230975731203,1,NA
"1020","sroC_NC_002695,ECs0694;","chr","Sakai_control","blocks",768178,768206,"-",1,1.80410325243734,1,NA
"1021","ssrS,ECs5516;","chr",NA,"blocks",3793114,3793281,"+",6183,6669.32015649118,NA,1
"1022","tagA,INT_0_10,INT_0_11,INT_0_12,INT_0_13,INT_0_14,INT_0_15,INT_0_16,INT_0_17,hlyB;","plasmid_pO157","Sakai_control","blocks",21406,21460,"+",446,804.630050587055,1,NA
"1023","tagA,INT_0_11,INT_0_12,INT_0_13,INT_0_14,INT_0_15,INT_0_16,INT_0_17,INT_0_18,hlyD,INT_0_19;","plasmid_pO157","Sakai_control","blocks",22972,23020,"+",1,1.80410325243734,1,NA
"1024","tagA,INT_0_21,INT_0_22,INT_0_23,INT_0_24,INT_0_25,INT_0_26,INT_0_27,INT_0_28,INT_0_29,pO157p35;","plasmid_pO157","Sakai_control","blocks",37352,37369,"+",395,712.620784712751,1,NA
"1025","tagA,INT_0_24,INT_0_25,INT_0_26,INT_0_27,INT_0_28,INT_0_29,INT_0_30,INT_0_31,INT_0_32,pO157p39;","plasmid_pO157","Sakai_control","blocks",40281,40330,"+",1743,3144.55196899829,1,NA
"1026","tagA,INT_0_3,INT_0_4,INT_0_5,INT_0_6,INT_0_7,INT_0_8,INT_0_9,etpL;","plasmid_pO157","Sakai_control","blocks",11464,11513,"+",645,1163.64659782209,1,NA
"1027","tagA,INT_0_5,INT_0_6,INT_0_7,INT_0_8,INT_0_9,INT_0_10,etpN;","plasmid_pO157","Sakai_control","blocks",13204,13253,"+",1040,1876.26738253484,1,NA
"1028","tagA,INT_0_55,INT_0_56,INT_0_57;","plasmid_pO157","Sakai_control","blocks",77586,77635,"+",488,880.402387189424,1,NA
"1029","tagA,INT_0_58,INT_0_59,INT_0_60;","plasmid_pO157","Sakai_control","blocks",87177,87197,"+",505,911.072142480858,1,NA
"1030","tagA,INT_0_59,INT_0_60,pO157p80;","plasmid_pO157","Sakai_control","blocks",88189,88238,"-",491,885.814696946736,1,NA
"1031","tagA;","plasmid_pO157","Sakai_control","blocks",91899,91985,"+",2467,4450.72272376293,1,NA
"1032","tdh;","chr","Sakai_control","blocks",4538114,4538133,"-",1,1.80410325243734,1,NA
"1033","thyA;","chr","Sakai_control","blocks",3687512,3687534,"-",1,1.80410325243734,1,NA
"1034","tnaA;","chr","Sakai_control","blocks",4677495,4678223,"+",5,9.02051626218672,1,NA
"1035","tolB;","chr","Sakai_control","blocks",863249,863280,"+",1,1.80410325243734,1,NA
"1036","trmD;","chr","Sakai_control","blocks",3464765,3464814,"-",42,75.7723366023684,1,NA
"1037","uvrA;","chr","Sakai_control","blocks",5125818,5125855,"-",1,1.80410325243734,1,NA
"1038","yybP-ykoY_NC_002695;","chr","Sakai_control","blocks",3978023,3978045,"+",1,1.80410325243734,1,NA
"1039","zntR;","chr","Sakai_control","blocks",4174084,4174133,"-",1130,2038.6366752542,1,NA
